source_file,class_name,session_id,frame,start_ms,hop_ms,peak_hz,peak_mg,rms_mg,band_0_5_mg,band_5_15_mg,band_15_30_mg,band_30_50_mg
mipa/001_labeled.csv,no_vehicle,5,1,26650,0,3.906,1,2,1,1,1,1
mipa/001_labeled.csv,no_vehicle,5,2,27930,1280,10.547,1,2,0,1,1,1
mipa/001_labeled.csv,no_vehicle,5,3,29210,1280,5.859,1,2,1,1,1,1
mipa/001_labeled.csv,two_wheel,5,4,30490,1280,42.969,1,2,1,1,1,2
mipa/001_labeled.csv,two_wheel,5,5,31770,1280,14.453,1,2,1,1,1,1
mipa/001_labeled.csv,two_wheel,5,6,33050,1280,19.141,1,2,1,1,1,1
mipa/001_labeled.csv,no_vehicle,5,7,34330,1280,33.984,1,2,1,1,1,1
mipa/001_labeled.csv,no_vehicle,5,8,35610,1280,21.875,1,2,1,1,1,1
mipa/001_labeled.csv,no_vehicle,5,9,36890,1280,12.891,1,2,1,1,1,1
mipa/001_labeled.csv,no_vehicle,5,10,38170,1280,11.719,1,2,1,1,1,1
mipa/001_labeled.csv,no_vehicle,5,11,39450,1280,33.984,1,2,1,1,1,1
mipa/001_labeled.csv,two_wheel,5,12,40730,1280,4.297,1,2,1,1,1,1
mipa/001_labeled.csv,two_wheel,5,13,42010,1280,30.859,1,2,0,1,1,1
mipa/001_labeled.csv,two_wheel,5,14,43290,1280,23.828,1,2,1,1,1,1
mipa/001_labeled.csv,no_vehicle,5,15,44570,1280,6.641,1,2,1,1,1,1
mipa/001_labeled.csv,no_vehicle,5,16,45850,1280,26.172,1,2,1,1,1,1
mipa/001_labeled.csv,two_wheel,5,17,47130,1280,3.906,1,2,1,1,1,1
mipa/001_labeled.csv,two_wheel,5,18,48410,1280,3.516,1,2,1,1,1,2
mipa/001_labeled.csv,two_wheel,5,19,49690,1280,28.125,1,2,0,1,1,1
mipa/001_labeled.csv,no_vehicle,5,20,50970,1280,6.641,1,2,1,1,1,1
mipa/001_labeled.csv,two_wheel,5,21,52250,1280,9.375,1,2,1,1,1,1
mipa/001_labeled.csv,two_wheel,5,22,53530,1280,37.891,1,2,1,1,1,2
mipa/001_labeled.csv,four_wheel,5,23,54810,1280,44.922,1,2,1,1,1,1
mipa/001_labeled.csv,four_wheel,5,24,56090,1280,13.281,1,2,0,1,1,1
mipa/001_labeled.csv,four_wheel,5,25,57370,1280,19.922,1,2,1,1,1,1
mipa/001_labeled.csv,no_vehicle,5,26,58650,1280,1.563,1,2,1,1,1,1
mipa/001_labeled.csv,no_vehicle,5,27,59930,1280,10.156,1,2,1,1,1,1
mipa/001_labeled.csv,no_vehicle,5,28,61210,1280,10.547,1,2,0,1,1,1
mipa/001_labeled.csv,no_vehicle,5,29,62490,1280,24.219,1,2,1,1,1,1
mipa/001_labeled.csv,no_vehicle,5,30,63770,1280,3.906,1,2,1,1,1,1
mipa/001_labeled.csv,no_vehicle,5,31,65050,1280,27.344,1,2,1,1,1,1
mipa/001_labeled.csv,no_vehicle,5,32,66330,1280,3.516,1,2,1,1,1,1
mipa/001_labeled.csv,no_vehicle,5,33,67610,1280,5.078,1,2,1,1,1,1
mipa/001_labeled.csv,no_vehicle,5,34,68890,1280,38.281,1,2,1,1,1,1
mipa/001_labeled.csv,no_vehicle,5,35,70170,1280,41.797,1,2,1,1,1,1
mipa/001_labeled.csv,no_vehicle,5,36,71450,1280,25.391,1,2,1,1,1,1
mipa/001_labeled.csv,no_vehicle,5,37,72730,1280,23.047,1,2,1,1,1,1
mipa/001_labeled.csv,no_vehicle,5,38,74010,1280,19.922,1,2,1,1,1,1
mipa/001_labeled.csv,no_vehicle,5,39,75290,1280,44.531,1,2,1,1,1,2
mipa/001_labeled.csv,four_wheel,5,40,76570,1280,20.703,1,2,1,1,1,1
mipa/001_labeled.csv,four_wheel,5,41,77850,1280,22.266,1,2,1,1,1,1
mipa/001_labeled.csv,four_wheel,5,42,79130,1280,0.391,1,2,1,1,1,1
mipa/001_labeled.csv,no_vehicle,5,43,80410,1280,17.969,1,2,1,1,1,1
mipa/001_labeled.csv,no_vehicle,5,44,81690,1280,2.344,1,2,1,1,1,1
mipa/001_labeled.csv,no_vehicle,5,45,82970,1280,48.438,1,2,1,1,1,2
mipa/001_labeled.csv,no_vehicle,5,46,84250,1280,15.625,1,2,1,1,1,1
mipa/001_labeled.csv,two_wheel,5,47,85530,1280,1.953,1,2,1,1,1,1
mipa/001_labeled.csv,two_wheel,5,48,86810,1280,14.063,1,2,1,1,1,1
mipa/001_labeled.csv,no_vehicle,5,49,88090,1280,28.125,1,2,1,1,1,1
mipa/001_labeled.csv,no_vehicle,5,50,89370,1280,17.578,1,2,1,1,1,1
mipa/001_labeled.csv,no_vehicle,5,51,90650,1280,16.406,1,2,1,1,2,1
mipa/001_labeled.csv,four_wheel,5,52,91930,1280,7.422,1,2,1,1,1,1
mipa/001_labeled.csv,four_wheel,5,53,93210,1280,32.813,1,2,1,1,1,1
mipa/001_labeled.csv,four_wheel,5,54,94490,1280,32.422,1,2,1,1,1,1
mipa/001_labeled.csv,no_vehicle,5,55,95770,1280,33.203,1,2,1,1,1,1
mipa/001_labeled.csv,no_vehicle,5,56,97050,1280,30.078,1,2,1,1,1,2
mipa/001_labeled.csv,four_wheel,5,57,98330,1280,4.688,1,2,1,1,1,1
mipa/001_labeled.csv,four_wheel,5,58,99610,1280,23.828,1,2,1,1,1,1
mipa/001_labeled.csv,two_wheel,5,59,100890,1280,5.469,1,2,1,1,1,1
mipa/001_labeled.csv,two_wheel,5,60,102170,1280,11.719,1,2,1,1,1,1
mipa/001_labeled.csv,two_wheel,5,61,103450,1280,0.391,1,2,1,1,1,1
mipa/001_labeled.csv,two_wheel,5,62,104730,1280,13.281,1,2,1,1,1,1
mipa/001_labeled.csv,two_wheel,5,63,106010,1280,13.281,1,2,1,1,1,1
mipa/001_labeled.csv,two_wheel,5,64,107290,1280,3.125,1,2,1,1,1,1
mipa/001_labeled.csv,four_wheel,5,65,108570,1280,17.188,1,2,1,1,1,1
mipa/001_labeled.csv,four_wheel,5,66,109850,1280,19.531,1,2,1,1,1,1
mipa/001_labeled.csv,two_wheel,5,67,111130,1280,17.969,1,2,1,1,1,1
mipa/001_labeled.csv,two_wheel,5,68,112410,1280,9.375,1,2,1,1,1,1
mipa/001_labeled.csv,two_wheel,5,69,113690,1280,30.859,1,2,1,1,1,1
mipa/001_labeled.csv,two_wheel,5,70,114970,1280,35.156,1,2,1,1,1,1
mipa/001_labeled.csv,no_vehicle,5,71,116250,1280,0.781,1,2,1,1,1,1
mipa/001_labeled.csv,no_vehicle,5,72,117530,1280,32.422,1,2,1,1,1,1
mipa/001_labeled.csv,no_vehicle,5,73,118810,1280,9.375,1,2,1,1,1,1
mipa/001_labeled.csv,no_vehicle,5,74,120090,1280,33.984,1,2,0,1,1,1
mipa/001_labeled.csv,no_vehicle,5,75,121370,1280,29.688,1,2,1,1,1,1
mipa/001_labeled.csv,no_vehicle,5,76,122650,1280,40.625,1,2,1,1,1,2
mipa/001_labeled.csv,unknown,5,77,123930,1280,2.734,1,2,1,1,1,1
mipa/001_labeled.csv,unknown,5,78,125210,1280,40.234,1,2,1,1,1,1
mipa/001_labeled.csv,unknown,5,79,126490,1280,8.203,1,2,1,1,1,1
mipa/001_labeled.csv,four_wheel,5,80,127770,1280,34.766,1,2,1,1,1,1
mipa/001_labeled.csv,four_wheel,5,81,129050,1280,3.906,1,2,1,1,1,1
mipa/001_labeled.csv,four_wheel,5,82,130330,1280,10.938,1,2,0,1,1,1
mipa/001_labeled.csv,two_wheel,5,83,131610,1280,13.672,1,2,0,1,1,1
mipa/001_labeled.csv,two_wheel,5,84,132890,1280,10.938,1,2,1,1,1,1
mipa/001_labeled.csv,no_vehicle,5,85,134170,1280,42.578,1,2,1,1,1,1
mipa/001_labeled.csv,four_wheel,5,86,135450,1280,25.391,1,2,1,1,1,1
mipa/001_labeled.csv,four_wheel,5,87,136730,1280,9.766,1,2,1,1,1,1
mipa/001_labeled.csv,four_wheel,5,88,138010,1280,0.391,1,2,1,1,1,1
mipa/001_labeled.csv,four_wheel,5,89,139290,1280,15.625,1,2,1,1,1,1
mipa/001_labeled.csv,four_wheel,5,90,140570,1280,2.344,1,2,1,1,1,1
mipa/001_labeled.csv,four_wheel,5,91,141850,1280,16.797,1,2,1,1,1,1
mipa/001_labeled.csv,unknown,5,92,143130,1280,14.844,1,2,1,1,1,1
mipa/001_labeled.csv,unknown,5,93,144410,1280,31.641,1,2,1,1,1,2
mipa/001_labeled.csv,two_wheel,5,94,145690,1280,8.594,1,2,1,1,1,1
mipa/001_labeled.csv,two_wheel,5,95,146970,1280,13.672,1,2,1,1,1,1
mipa/001_labeled.csv,two_wheel,5,96,148250,1280,8.594,1,2,1,1,1,1
mipa/001_labeled.csv,two_wheel,5,97,149530,1280,21.875,1,2,1,1,1,1
mipa/001_labeled.csv,no_vehicle,5,98,150810,1280,30.859,1,2,1,1,1,1
mipa/001_labeled.csv,no_vehicle,5,99,152090,1280,8.984,1,2,1,1,1,1
mipa/001_labeled.csv,no_vehicle,5,100,153370,1280,37.5,1,2,0,1,1,1
mipa/001_labeled.csv,no_vehicle,5,101,154650,1280,16.406,1,2,1,1,1,1
mipa/001_labeled.csv,no_vehicle,5,102,155930,1280,4.688,1,2,1,1,1,1
mipa/001_labeled.csv,no_vehicle,5,103,157210,1280,1.563,1,2,1,1,1,2
mipa/001_labeled.csv,no_vehicle,5,104,158490,1280,8.203,1,2,1,1,1,1
mipa/001_labeled.csv,no_vehicle,5,105,159770,1280,0.391,1,2,1,1,1,1
mipa/001_labeled.csv,no_vehicle,5,106,161050,1280,5.469,1,2,1,1,1,1
mipa/001_labeled.csv,no_vehicle,5,107,162330,1280,1.953,1,2,1,1,1,2
mipa/001_labeled.csv,no_vehicle,5,108,163610,1280,1.172,1,2,1,1,1,1
mipa/001_labeled.csv,no_vehicle,5,109,164890,1280,1.953,1,2,1,1,1,1
mipa/001_labeled.csv,no_vehicle,5,110,166170,1280,32.031,1,2,1,1,1,1
mipa/001_labeled.csv,no_vehicle,5,111,167450,1280,41.797,1,2,1,1,1,1
mipa/001_labeled.csv,no_vehicle,5,112,168730,1280,7.813,1,2,1,1,1,1
mipa/001_labeled.csv,two_wheel,5,113,170010,1280,10.938,1,2,1,1,1,1
mipa/001_labeled.csv,two_wheel,5,114,171290,1280,43.359,1,2,1,1,1,1
mipa/001_labeled.csv,no_vehicle,5,115,172570,1280,44.531,1,2,0,1,1,1
mipa/001_labeled.csv,two_wheel,5,116,173850,1280,11.719,1,2,1,1,1,1
mipa/001_labeled.csv,two_wheel,5,117,175130,1280,3.906,1,2,1,1,1,1
mipa/001_labeled.csv,two_wheel,5,118,176410,1280,0.391,1,2,1,1,1,1
mipa/001_labeled.csv,no_vehicle,5,119,177690,1280,3.125,1,2,1,1,1,1
mipa/001_labeled.csv,no_vehicle,5,120,178970,1280,25.391,1,2,1,1,1,1
mipa/001_labeled.csv,no_vehicle,5,121,180250,1280,46.094,1,2,1,1,1,1
mipa/001_labeled.csv,no_vehicle,5,122,181530,1280,21.094,1,2,1,1,1,1
mipa/001_labeled.csv,no_vehicle,5,123,182810,1280,5.859,1,2,0,1,1,1
mipa/001_labeled.csv,no_vehicle,5,124,184090,1280,23.047,1,2,0,1,1,1
mipa/001_labeled.csv,no_vehicle,5,125,185370,1280,0.781,1,2,1,1,1,1
mipa/001_labeled.csv,no_vehicle,5,126,186650,1280,35.156,1,2,1,1,1,1
mipa/001_labeled.csv,no_vehicle,5,127,187930,1280,33.984,1,2,1,1,1,1
mipa/001_labeled.csv,no_vehicle,5,128,189210,1280,32.422,1,2,1,1,1,2
mipa/001_labeled.csv,no_vehicle,5,129,190490,1280,12.109,1,2,0,1,1,1
mipa/001_labeled.csv,no_vehicle,5,130,191770,1280,8.984,1,2,1,1,1,1
mipa/001_labeled.csv,no_vehicle,5,131,193050,1280,3.125,1,2,1,1,1,1
mipa/001_labeled.csv,no_vehicle,5,132,194330,1280,35.938,1,2,1,1,1,2
mipa/001_labeled.csv,no_vehicle,5,133,195610,1280,25.781,1,2,1,1,1,1
mipa/001_labeled.csv,no_vehicle,5,134,196890,1280,30.859,1,2,1,1,1,1
mipa/001_labeled.csv,no_vehicle,5,135,198170,1280,33.203,1,2,0,1,1,1
mipa/001_labeled.csv,no_vehicle,5,136,199450,1280,25.781,1,2,1,1,1,1
mipa/001_labeled.csv,no_vehicle,5,137,200730,1280,6.25,1,2,1,1,1,1
mipa/001_labeled.csv,no_vehicle,5,138,202010,1280,13.672,1,2,0,1,1,1
mipa/001_labeled.csv,no_vehicle,5,139,203290,1280,9.766,1,2,1,1,1,1
mipa/001_labeled.csv,two_wheel,5,140,204570,1280,47.656,1,2,1,1,1,2
mipa/001_labeled.csv,two_wheel,5,141,205850,1280,6.641,1,2,1,1,1,1
mipa/001_labeled.csv,two_wheel,5,142,207130,1280,1.563,1,2,1,1,1,1
mipa/001_labeled.csv,two_wheel,5,143,208410,1280,28.906,1,2,1,1,1,1
mipa/001_labeled.csv,two_wheel,5,144,209690,1280,5.469,1,2,1,1,1,1
mipa/001_labeled.csv,two_wheel,5,145,210970,1280,24.609,1,2,1,1,1,1
mipa/001_labeled.csv,two_wheel,5,146,212250,1280,37.891,1,2,1,1,1,1
mipa/001_labeled.csv,two_wheel,5,147,213530,1280,21.484,1,2,1,1,1,1
mipa/001_labeled.csv,two_wheel,5,148,214810,1280,42.578,1,2,1,1,1,1
mipa/001_labeled.csv,no_vehicle,5,149,216090,1280,18.359,1,2,1,1,1,1
mipa/001_labeled.csv,no_vehicle,5,150,217370,1280,5.078,1,2,1,1,1,1
mipa/001_labeled.csv,two_wheel,5,151,218650,1280,1.953,1,2,1,1,1,1
mipa/001_labeled.csv,two_wheel,5,152,219930,1280,22.266,1,2,1,1,1,1
mipa/001_labeled.csv,two_wheel,5,153,221210,1280,22.656,1,2,1,1,1,1
mipa/001_labeled.csv,no_vehicle,5,154,222490,1280,1.563,1,2,1,1,1,1
mipa/001_labeled.csv,no_vehicle,5,155,223770,1280,7.422,1,2,1,1,1,1
mipa/001_labeled.csv,no_vehicle,5,156,225050,1280,16.797,1,2,1,1,1,1
mipa/001_labeled.csv,no_vehicle,5,157,226330,1280,32.031,1,2,1,1,1,1
mipa/001_labeled.csv,no_vehicle,5,158,227610,1280,21.875,1,2,1,1,1,1
mipa/001_labeled.csv,two_wheel,5,159,228890,1280,14.453,1,2,1,1,1,1
mipa/001_labeled.csv,two_wheel,5,160,230170,1280,4.297,1,2,1,1,1,1
mipa/001_labeled.csv,no_vehicle,5,161,231450,1280,17.969,1,2,1,1,2,1
mipa/001_labeled.csv,no_vehicle,5,162,232730,1280,1.563,1,2,1,1,1,1
mipa/001_labeled.csv,no_vehicle,5,163,234010,1280,23.047,1,2,1,1,1,1
mipa/001_labeled.csv,no_vehicle,5,164,235290,1280,39.453,1,2,1,1,1,1
mipa/001_labeled.csv,no_vehicle,5,165,236570,1280,22.656,1,2,0,1,1,1
mipa/001_labeled.csv,no_vehicle,5,166,237850,1280,12.891,1,2,1,1,1,1
mipa/001_labeled.csv,no_vehicle,5,167,239130,1280,1.953,1,2,1,1,1,1
mipa/001_labeled.csv,no_vehicle,5,168,240410,1280,14.844,1,2,1,1,1,1
mipa/001_labeled.csv,no_vehicle,5,169,241690,1280,24.219,1,2,1,1,1,1
mipa/001_labeled.csv,two_wheel,5,170,242970,1280,5.469,1,2,1,1,1,1
mipa/001_labeled.csv,two_wheel,5,171,244250,1280,8.594,1,2,1,1,1,1
mipa/001_labeled.csv,no_vehicle,5,172,245530,1280,16.797,1,2,1,1,1,1
mipa/001_labeled.csv,no_vehicle,5,173,246810,1280,2.734,1,2,1,1,1,1
mipa/001_labeled.csv,two_wheel,5,174,248090,1280,13.672,1,2,1,1,1,1
mipa/001_labeled.csv,two_wheel,5,175,249370,1280,15.625,1,2,1,1,1,1
mipa/001_labeled.csv,two_wheel,5,176,250650,1280,44.141,1,2,1,1,1,2
mipa/001_labeled.csv,two_wheel,5,177,251930,1280,21.484,1,2,1,1,1,1
mipa/001_labeled.csv,no_vehicle,5,178,253210,1280,44.531,1,2,1,1,1,1
mipa/001_labeled.csv,no_vehicle,5,179,254490,1280,17.578,1,2,1,1,1,1
mipa/001_labeled.csv,no_vehicle,5,180,255770,1280,46.875,1,2,1,1,1,1
mipa/001_labeled.csv,no_vehicle,5,181,257050,1280,21.484,1,2,0,1,1,1
mipa/001_labeled.csv,two_wheel,5,182,258330,1280,21.094,1,2,0,1,1,1
mipa/001_labeled.csv,two_wheel,5,183,259610,1280,8.203,1,2,1,1,1,1
mipa/001_labeled.csv,no_vehicle,5,184,260890,1280,43.75,1,2,1,1,1,1
mipa/001_labeled.csv,no_vehicle,5,185,262170,1280,30.078,1,2,1,1,1,1
mipa/001_labeled.csv,no_vehicle,5,186,263450,1280,14.844,1,2,1,1,1,1
mipa/001_labeled.csv,no_vehicle,5,187,264730,1280,14.844,1,2,1,1,1,1
mipa/001_labeled.csv,no_vehicle,5,188,266010,1280,44.531,1,2,1,1,1,2
mipa/001_labeled.csv,no_vehicle,5,189,267290,1280,26.172,1,2,1,1,1,1
mipa/001_labeled.csv,no_vehicle,5,190,268570,1280,5.469,1,2,1,1,1,1
mipa/001_labeled.csv,two_wheel,5,191,269850,1280,21.094,1,2,1,1,1,1
mipa/001_labeled.csv,two_wheel,5,192,271130,1280,1.953,1,2,1,1,1,1
mipa/001_labeled.csv,no_vehicle,5,193,272410,1280,12.5,1,2,1,1,1,1
mipa/001_labeled.csv,no_vehicle,5,194,273690,1280,38.672,1,2,1,1,1,1
mipa/001_labeled.csv,no_vehicle,5,195,274970,1280,2.344,1,2,1,1,1,1
mipa/001_labeled.csv,no_vehicle,5,196,276250,1280,4.297,1,2,1,1,1,1
mipa/001_labeled.csv,no_vehicle,5,197,277530,1280,8.984,1,2,1,1,1,1
mipa/001_labeled.csv,no_vehicle,5,198,278810,1280,9.766,1,2,0,1,1,1
mipa/001_labeled.csv,no_vehicle,5,199,280090,1280,7.813,1,2,1,1,1,1
mipa/001_labeled.csv,two_wheel,5,200,281370,1280,1.953,1,2,1,1,1,1
mipa/001_labeled.csv,two_wheel,5,201,282650,1280,1.172,1,2,1,1,1,1
mipa/001_labeled.csv,unknown,5,202,283930,1280,21.875,1,2,0,1,1,1
mipa/001_labeled.csv,unknown,5,203,285210,1280,37.5,1,2,1,1,1,1
mipa/001_labeled.csv,unknown,5,204,286490,1280,19.141,1,2,1,1,1,1
mipa/001_labeled.csv,unknown,5,205,287770,1280,20.313,1,2,1,1,1,1
mipa/001_labeled.csv,no_vehicle,5,206,289050,1280,30.469,1,2,0,1,1,1
mipa/001_labeled.csv,no_vehicle,5,207,290330,1280,2.344,1,2,1,1,1,1
mipa/001_labeled.csv,no_vehicle,5,208,291610,1280,7.031,1,2,1,1,2,1
mipa/001_labeled.csv,no_vehicle,5,209,292890,1280,48.438,1,2,1,1,1,1
mipa/001_labeled.csv,no_vehicle,5,210,294170,1280,15.625,1,2,0,1,1,1
mipa/001_labeled.csv,no_vehicle,5,211,295450,1280,6.25,1,2,0,1,1,1
mipa/001_labeled.csv,two_wheel,5,212,296730,1280,34.375,1,2,1,1,1,2
mipa/001_labeled.csv,two_wheel,5,213,298010,1280,21.484,1,2,1,1,1,1
mipa/001_labeled.csv,two_wheel,5,214,299290,1280,8.203,1,2,1,1,1,1
mipa/001_labeled.csv,no_vehicle,5,215,300570,1280,20.703,1,2,1,1,1,1
mipa/001_labeled.csv,four_wheel,5,216,301850,1280,2.734,1,2,1,1,1,1
mipa/001_labeled.csv,four_wheel,5,217,303130,1280,3.125,1,2,1,1,1,1
mipa/001_labeled.csv,four_wheel,5,218,304410,1280,5.859,1,2,1,1,1,1
mipa/001_labeled.csv,no_vehicle,5,219,305690,1280,21.875,1,2,1,1,1,1
mipa/001_labeled.csv,two_wheel,5,220,306970,1280,4.297,1,2,1,1,1,1
mipa/001_labeled.csv,two_wheel,5,221,308250,1280,26.172,1,2,1,1,1,1
mipa/001_labeled.csv,no_vehicle,5,222,309530,1280,7.031,1,2,0,2,1,1
mipa/001_labeled.csv,two_wheel,5,223,310810,1280,14.063,1,2,1,1,1,1
mipa/001_labeled.csv,two_wheel,5,224,312090,1280,39.063,1,2,1,1,1,1
mipa/001_labeled.csv,unknown,5,225,313370,1280,40.234,1,2,1,1,1,1
mipa/001_labeled.csv,unknown,5,226,314650,1280,14.063,1,2,0,1,1,1
mipa/001_labeled.csv,two_wheel,5,227,315930,1280,22.656,1,2,1,1,1,1
mipa/001_labeled.csv,two_wheel,5,228,317210,1280,10.938,1,2,1,1,1,1
mipa/001_labeled.csv,no_vehicle,5,229,318490,1280,16.797,1,2,1,1,1,1
mipa/001_labeled.csv,no_vehicle,5,230,319770,1280,38.672,1,2,1,1,1,2
mipa/001_labeled.csv,no_vehicle,5,231,321050,1280,10.156,1,2,1,1,1,1
mipa/001_labeled.csv,two_wheel,5,232,322330,1280,18.359,1,2,1,1,1,1
mipa/001_labeled.csv,two_wheel,5,233,323610,1280,1.563,1,2,1,1,1,1
mipa/001_labeled.csv,no_vehicle,5,234,324890,1280,19.141,1,2,1,1,1,1
mipa/001_labeled.csv,no_vehicle,5,235,326170,1280,17.578,1,2,1,1,1,1
mipa/001_labeled.csv,no_vehicle,5,236,327450,1280,5.078,1,2,1,1,1,1
mipa/001_labeled.csv,no_vehicle,5,237,328730,1280,5.859,1,2,1,1,1,1
mipa/001_labeled.csv,two_wheel,5,238,330010,1280,32.031,1,2,1,1,1,1
mipa/001_labeled.csv,two_wheel,5,239,331290,1280,4.688,1,2,1,1,1,1
mipa/001_labeled.csv,two_wheel,5,240,332570,1280,21.875,1,2,1,1,1,1
mipa/001_labeled.csv,no_vehicle,5,241,333850,1280,21.094,1,2,1,1,1,1
mipa/001_labeled.csv,no_vehicle,5,242,335130,1280,23.438,1,2,0,1,1,1
mipa/001_labeled.csv,no_vehicle,5,243,336410,1280,1.563,1,2,1,1,1,1
mipa/001_labeled.csv,no_vehicle,5,244,337690,1280,30.859,1,2,1,1,1,1
mipa/001_labeled.csv,no_vehicle,5,245,338970,1280,24.609,1,2,0,1,1,1
mipa/001_labeled.csv,no_vehicle,5,246,340250,1280,23.828,1,2,1,1,1,1
mipa/001_labeled.csv,no_vehicle,5,247,341530,1280,45.313,1,2,1,1,1,1
mipa/001_labeled.csv,no_vehicle,5,248,342810,1280,12.891,1,2,0,1,1,1
mipa/001_labeled.csv,two_wheel,5,249,344090,1280,15.234,1,2,1,1,1,1
mipa/001_labeled.csv,two_wheel,5,250,345370,1280,10.547,1,2,1,1,1,1
mipa/001_labeled.csv,two_wheel,5,251,346650,1280,2.734,1,2,1,1,1,1
mipa/001_labeled.csv,two_wheel,5,252,347930,1280,15.234,1,2,1,1,1,1
mipa/001_labeled.csv,two_wheel,5,253,349210,1280,3.125,1,2,1,1,1,1
mipa/001_labeled.csv,no_vehicle,5,254,350490,1280,8.984,1,2,1,1,1,1
mipa/001_labeled.csv,no_vehicle,5,255,351770,1280,6.641,1,2,1,1,1,1
mipa/001_labeled.csv,no_vehicle,5,256,353050,1280,2.344,1,2,1,1,1,1
mipa/001_labeled.csv,no_vehicle,5,257,354330,1280,14.063,1,2,1,1,1,1
mipa/001_labeled.csv,no_vehicle,5,258,355610,1280,20.703,1,2,1,1,1,1
mipa/001_labeled.csv,no_vehicle,5,259,356890,1280,27.344,1,2,1,1,2,1
mipa/001_labeled.csv,no_vehicle,5,260,358170,1280,30.469,1,2,1,1,1,1
mipa/001_labeled.csv,no_vehicle,5,261,359450,1280,10.938,1,2,1,1,1,1
mipa/001_labeled.csv,no_vehicle,5,262,360730,1280,9.375,1,2,0,1,1,1
mipa/001_labeled.csv,no_vehicle,5,263,362010,1280,12.109,1,2,1,1,1,1
mipa/001_labeled.csv,no_vehicle,5,264,363290,1280,16.016,1,2,1,1,1,1
mipa/001_labeled.csv,no_vehicle,5,265,364570,1280,46.484,1,2,0,1,1,1
mipa/001_labeled.csv,four_wheel,5,266,365850,1280,42.188,1,2,0,1,1,1
mipa/001_labeled.csv,four_wheel,5,267,367130,1280,4.688,1,2,1,1,1,1
mipa/001_labeled.csv,four_wheel,5,268,368410,1280,5.078,1,2,1,1,1,1
mipa/001_labeled.csv,four_wheel,5,269,369690,1280,43.75,1,2,1,1,1,1
mipa/001_labeled.csv,unknown,5,270,370970,1280,6.641,1,2,1,1,1,1
mipa/001_labeled.csv,unknown,5,271,372250,1280,8.594,1,2,0,1,1,1
mipa/001_labeled.csv,unknown,5,272,373530,1280,11.719,1,2,1,1,1,1
mipa/001_labeled.csv,two_wheel,5,273,374810,1280,13.672,1,2,1,1,1,1
mipa/001_labeled.csv,two_wheel,5,274,376090,1280,7.031,1,2,1,1,1,1
mipa/001_labeled.csv,two_wheel,5,275,377370,1280,10.156,1,2,1,1,1,1
mipa/001_labeled.csv,two_wheel,5,276,378650,1280,9.375,1,2,1,1,1,1
mipa/001_labeled.csv,two_wheel,5,277,379930,1280,30.859,1,2,1,1,1,1
mipa/001_labeled.csv,no_vehicle,5,278,381210,1280,35.156,1,2,1,1,1,1
mipa/001_labeled.csv,no_vehicle,5,279,382490,1280,2.344,1,2,1,1,1,1
mipa/001_labeled.csv,no_vehicle,5,280,383770,1280,3.906,1,2,1,1,1,1
mipa/001_labeled.csv,no_vehicle,5,281,385050,1280,16.797,1,2,1,1,1,1
mipa/001_labeled.csv,no_vehicle,5,282,386330,1280,3.516,1,2,1,1,1,1
mipa/001_labeled.csv,no_vehicle,5,283,387610,1280,29.688,1,2,1,1,1,1
mipa/001_labeled.csv,no_vehicle,5,284,388890,1280,46.484,1,2,1,1,1,1
mipa/001_labeled.csv,no_vehicle,5,285,390170,1280,19.531,1,2,1,1,1,1
mipa/001_labeled.csv,two_wheel,5,286,391450,1280,45.703,1,2,1,1,1,1
mipa/001_labeled.csv,two_wheel,5,287,392730,1280,42.578,1,2,1,1,1,1
mipa/001_labeled.csv,two_wheel,5,288,394010,1280,26.953,1,2,1,1,1,1
mipa/001_labeled.csv,no_vehicle,5,289,395290,1280,27.734,1,2,1,1,1,1
mipa/001_labeled.csv,no_vehicle,5,290,396570,1280,14.063,1,2,1,1,1,1
mipa/001_labeled.csv,no_vehicle,5,291,397850,1280,12.891,1,2,1,1,1,1
mipa/001_labeled.csv,no_vehicle,5,292,399130,1280,16.797,1,2,1,1,1,1
mipa/001_labeled.csv,no_vehicle,5,293,400410,1280,22.266,1,2,0,1,1,1
mipa/001_labeled.csv,no_vehicle,5,294,401690,1280,43.75,1,2,1,1,1,1
mipa/001_labeled.csv,two_wheel,5,295,402970,1280,19.141,1,2,1,1,1,1
mipa/001_labeled.csv,two_wheel,5,296,404250,1280,3.906,1,2,1,1,1,1
mipa/001_labeled.csv,two_wheel,5,297,405530,1280,12.891,1,2,1,1,1,1
mipa/001_labeled.csv,two_wheel,5,298,406810,1280,13.281,1,2,0,1,1,1
mipa/001_labeled.csv,no_vehicle,5,299,408090,1280,26.953,1,2,1,1,1,1
mipa/001_labeled.csv,no_vehicle,5,300,409370,1280,9.766,1,2,1,1,1,1
mipa/001_labeled.csv,no_vehicle,5,301,410650,1280,29.297,1,2,1,1,1,1
mipa/001_labeled.csv,two_wheel,5,302,411930,1280,14.063,1,2,1,1,1,1
mipa/001_labeled.csv,two_wheel,5,303,413210,1280,3.906,1,2,1,1,1,1
mipa/001_labeled.csv,two_wheel,5,304,414490,1280,10.547,1,2,1,1,1,1
mipa/001_labeled.csv,no_vehicle,5,305,415770,1280,39.844,1,2,1,1,1,1
mipa/001_labeled.csv,no_vehicle,5,306,417050,1280,18.75,1,2,1,1,1,1
mipa/001_labeled.csv,no_vehicle,5,307,418330,1280,12.109,1,2,1,1,1,1
mipa/001_labeled.csv,no_vehicle,5,308,419610,1280,10.547,1,2,1,1,1,1
mipa/001_labeled.csv,no_vehicle,5,309,420890,1280,16.016,1,2,1,1,1,1
mipa/001_labeled.csv,no_vehicle,5,310,422170,1280,30.859,1,2,1,1,1,1
mipa/001_labeled.csv,no_vehicle,5,311,423450,1280,21.875,1,2,1,1,1,1
mipa/001_labeled.csv,no_vehicle,5,312,424730,1280,46.875,1,2,0,1,1,1
mipa/001_labeled.csv,no_vehicle,5,313,426010,1280,32.813,1,2,0,1,1,1
mipa/001_labeled.csv,no_vehicle,5,314,427290,1280,43.75,1,2,1,1,1,1
mipa/001_labeled.csv,two_wheel,5,315,428570,1280,13.281,1,2,1,1,1,1
mipa/001_labeled.csv,two_wheel,5,316,429850,1280,10.938,1,2,1,1,1,1
mipa/001_labeled.csv,two_wheel,5,317,431130,1280,40.234,1,2,1,1,1,1
mipa/001_labeled.csv,two_wheel,5,318,432410,1280,6.641,1,2,1,1,1,1
mipa/001_labeled.csv,two_wheel,5,319,433690,1280,8.984,1,2,1,1,1,1
mipa/001_labeled.csv,no_vehicle,5,320,434970,1280,4.297,1,2,1,1,1,1
mipa/001_labeled.csv,no_vehicle,5,321,436250,1280,10.156,1,2,1,1,1,1
mipa/001_labeled.csv,no_vehicle,5,322,437530,1280,10.938,1,2,1,1,1,1
mipa/001_labeled.csv,no_vehicle,5,323,438810,1280,17.578,1,2,1,1,1,1
mipa/001_labeled.csv,no_vehicle,5,324,440090,1280,34.766,1,2,0,1,1,1
mipa/001_labeled.csv,two_wheel,5,325,441370,1280,31.25,1,2,1,1,1,1
mipa/001_labeled.csv,two_wheel,5,326,442650,1280,37.891,1,2,1,1,1,1
mipa/001_labeled.csv,two_wheel,5,327,443930,1280,14.844,1,2,1,1,1,1
mipa/001_labeled.csv,two_wheel,5,328,445210,1280,37.109,1,2,1,1,1,1
mipa/001_labeled.csv,two_wheel,5,329,446490,1280,1.172,1,2,1,1,1,1
mipa/001_labeled.csv,no_vehicle,5,330,447770,1280,19.141,1,2,1,1,1,1
mipa/001_labeled.csv,four_wheel,5,331,449050,1280,24.219,1,2,1,1,1,1
mipa/001_labeled.csv,four_wheel,5,332,450330,1280,35.156,1,2,1,1,1,1
mipa/001_labeled.csv,four_wheel,5,333,451610,1280,37.109,1,2,1,1,1,2
mipa/001_labeled.csv,no_vehicle,5,334,452890,1280,12.5,1,2,0,1,1,1
mipa/001_labeled.csv,two_wheel,5,335,454170,1280,3.516,1,2,1,1,1,1
mipa/001_labeled.csv,two_wheel,5,336,455450,1280,14.844,1,2,1,1,1,1
mipa/001_labeled.csv,no_vehicle,5,337,456730,1280,25.781,1,2,1,1,1,1
mipa/001_labeled.csv,no_vehicle,5,338,458010,1280,14.063,1,2,1,1,1,1
mipa/001_labeled.csv,no_vehicle,5,339,459290,1280,14.453,1,2,1,1,1,1
mipa/001_labeled.csv,no_vehicle,5,340,460570,1280,28.125,1,2,1,1,1,1
mipa/001_labeled.csv,two_wheel,5,341,461850,1280,13.672,1,2,1,1,1,2
mipa/001_labeled.csv,two_wheel,5,342,463130,1280,13.672,1,2,0,1,1,1
mipa/001_labeled.csv,no_vehicle,5,343,464410,1280,1.172,1,2,1,1,1,1
mipa/001_labeled.csv,two_wheel,5,344,465690,1280,40.234,1,2,1,1,1,1
mipa/001_labeled.csv,two_wheel,5,345,466970,1280,19.922,1,2,1,1,1,1
mipa/001_labeled.csv,two_wheel,5,346,468250,1280,4.297,1,2,1,1,1,1
mipa/001_labeled.csv,unknown,5,347,469530,1280,16.016,1,2,1,1,1,1
mipa/001_labeled.csv,unknown,5,348,470810,1280,34.375,1,2,1,1,1,1
mipa/001_labeled.csv,unknown,5,349,472090,1280,15.234,1,2,1,1,1,1
mipa/001_labeled.csv,no_vehicle,5,350,473370,1280,13.281,1,2,1,1,1,1
mipa/001_labeled.csv,no_vehicle,5,351,474650,1280,20.703,1,2,1,1,1,1
mipa/001_labeled.csv,no_vehicle,5,352,475930,1280,42.578,1,2,1,1,1,1
mipa/001_labeled.csv,no_vehicle,5,353,477210,1280,1.563,1,2,1,1,1,1
mipa/001_labeled.csv,two_wheel,5,354,478490,1280,45.313,1,2,1,1,1,1
mipa/001_labeled.csv,two_wheel,5,355,479770,1280,24.609,1,2,1,1,1,2
mipa/001_labeled.csv,two_wheel,5,356,481050,1280,37.109,1,2,1,1,1,1
mipa/001_labeled.csv,no_vehicle,5,357,482330,1280,16.016,1,2,1,1,1,1
mipa/001_labeled.csv,unknown,5,358,483610,1280,28.516,1,2,1,1,1,1
mipa/001_labeled.csv,unknown,5,359,484890,1280,8.594,1,2,1,1,1,2
mipa/001_labeled.csv,unknown,5,360,486170,1280,39.453,1,2,0,1,1,2
mipa/001_labeled.csv,no_vehicle,5,361,487450,1280,34.375,1,2,1,1,1,1
mipa/001_labeled.csv,no_vehicle,5,362,488730,1280,33.594,1,2,1,1,1,2
mipa/001_labeled.csv,four_wheel,5,363,490010,1280,37.109,1,2,1,1,1,1
mipa/001_labeled.csv,four_wheel,5,364,491290,1280,24.609,1,2,1,1,1,1
mipa/001_labeled.csv,two_wheel,5,365,492570,1280,36.328,1,2,1,1,1,2
mipa/001_labeled.csv,two_wheel,5,366,493850,1280,12.891,1,2,1,1,1,1
mipa/001_labeled.csv,two_wheel,5,367,495130,1280,22.656,1,2,1,1,1,1
mipa/001_labeled.csv,two_wheel,5,368,496410,1280,1.563,1,2,1,1,1,1
mipa/001_labeled.csv,no_vehicle,5,369,497690,1280,48.438,1,2,0,1,1,1
mipa/001_labeled.csv,no_vehicle,5,370,498970,1280,13.281,1,2,1,1,1,1
mipa/001_labeled.csv,no_vehicle,5,371,500250,1280,6.25,1,2,1,1,1,1
mipa/001_labeled.csv,two_wheel,5,372,501530,1280,16.797,1,2,1,1,1,1
mipa/001_labeled.csv,two_wheel,5,373,502810,1280,5.469,1,2,1,1,1,1
mipa/001_labeled.csv,no_vehicle,5,374,504090,1280,49.609,1,2,1,1,1,1
mipa/001_labeled.csv,no_vehicle,5,375,505370,1280,3.125,1,2,1,1,1,1
mipa/001_labeled.csv,no_vehicle,5,376,506650,1280,7.813,1,2,1,1,1,1
mipa/001_labeled.csv,no_vehicle,5,377,507930,1280,45.313,1,2,1,1,1,1
mipa/001_labeled.csv,no_vehicle,5,378,509210,1280,30.078,1,2,1,1,1,1
mipa/001_labeled.csv,two_wheel,5,379,510490,1280,21.484,1,2,1,1,1,1
mipa/001_labeled.csv,two_wheel,5,380,511770,1280,29.688,1,2,1,1,1,1
mipa/001_labeled.csv,two_wheel,5,381,513050,1280,33.203,1,2,1,1,1,1
mipa/001_labeled.csv,two_wheel,5,382,514330,1280,32.813,1,2,1,1,1,1
mipa/001_labeled.csv,four_wheel,5,383,515610,1280,38.281,1,2,1,1,1,1
mipa/001_labeled.csv,four_wheel,5,384,516890,1280,28.125,1,2,1,1,1,1
mipa/001_labeled.csv,four_wheel,5,385,518170,1280,47.266,1,2,1,1,1,1
mipa/001_labeled.csv,no_vehicle,5,386,519450,1280,7.422,1,2,1,1,1,1
mipa/001_labeled.csv,no_vehicle,5,387,520730,1280,35.156,1,2,1,1,1,1
mipa/001_labeled.csv,no_vehicle,5,388,522010,1280,3.906,1,2,1,1,1,1
mipa/001_labeled.csv,no_vehicle,5,389,523290,1280,28.906,1,2,1,1,1,1
mipa/001_labeled.csv,no_vehicle,5,390,524570,1280,5.469,1,2,1,1,1,1
mipa/001_labeled.csv,no_vehicle,5,391,525850,1280,8.594,1,2,1,1,1,1
mipa/001_labeled.csv,two_wheel,5,392,527130,1280,11.328,1,2,1,1,1,1
mipa/001_labeled.csv,two_wheel,5,393,528410,1280,1.953,1,2,1,1,1,1
mipa/001_labeled.csv,no_vehicle,5,394,529690,1280,30.078,1,2,1,1,1,1
mipa/001_labeled.csv,no_vehicle,5,395,530970,1280,7.031,1,2,1,1,1,1
mipa/001_labeled.csv,no_vehicle,5,396,532250,1280,10.547,1,2,0,1,1,1
mipa/001_labeled.csv,no_vehicle,5,397,533530,1280,48.438,1,2,1,1,1,1
mipa/001_labeled.csv,no_vehicle,5,398,534810,1280,32.422,1,2,1,1,1,1
mipa/001_labeled.csv,no_vehicle,5,399,536090,1280,12.109,1,2,1,1,1,1
mipa/001_labeled.csv,no_vehicle,5,400,537370,1280,30.859,1,2,1,1,1,1
mipa/001_labeled.csv,no_vehicle,5,401,538650,1280,7.031,1,2,1,1,1,1
mipa/001_labeled.csv,no_vehicle,5,402,539930,1280,45.703,1,2,1,1,1,1
mipa/001_labeled.csv,four_wheel,5,403,541210,1280,39.453,1,2,0,1,1,1
mipa/001_labeled.csv,four_wheel,5,404,542490,1280,24.219,1,2,0,1,1,1
mipa/001_labeled.csv,four_wheel,5,405,543770,1280,26.563,1,2,1,1,1,1
mipa/001_labeled.csv,four_wheel,5,406,545050,1280,48.047,1,2,1,1,1,1
mipa/001_labeled.csv,two_wheel,5,407,546330,1280,7.422,1,2,1,1,1,1
mipa/001_labeled.csv,two_wheel,5,408,547610,1280,7.422,1,2,1,1,1,1
mipa/001_labeled.csv,two_wheel,5,409,548890,1280,35.547,1,2,1,1,1,2
mipa/001_labeled.csv,no_vehicle,5,410,550170,1280,28.906,1,2,1,1,1,1
mipa/001_labeled.csv,no_vehicle,5,411,551450,1280,28.906,1,2,1,1,1,1
mipa/001_labeled.csv,no_vehicle,5,412,552730,1280,16.797,1,2,1,1,1,1
mipa/001_labeled.csv,unknown,5,413,554010,1280,35.156,1,2,1,1,1,1
mipa/001_labeled.csv,unknown,5,414,555290,1280,3.906,1,2,1,1,1,1
mipa/001_labeled.csv,unknown,5,415,556570,1280,10.156,1,2,0,1,1,1
mipa/001_labeled.csv,unknown,5,416,557850,1280,13.281,1,2,1,1,1,1
mipa/001_labeled.csv,no_vehicle,5,417,559130,1280,30.469,1,2,1,1,1,1
mipa/001_labeled.csv,no_vehicle,5,418,560410,1280,20.313,1,2,1,1,1,1
mipa/001_labeled.csv,no_vehicle,5,419,561690,1280,23.438,1,2,1,1,1,1
mipa/001_labeled.csv,four_wheel,5,420,562970,1280,30.859,1,2,1,1,1,1
mipa/001_labeled.csv,four_wheel,5,421,564250,1280,12.891,1,2,1,1,1,1
mipa/001_labeled.csv,two_wheel,5,422,565530,1280,45.313,1,2,1,1,1,1
mipa/001_labeled.csv,no_vehicle,5,423,566810,1280,19.531,1,2,1,1,1,1
mipa/001_labeled.csv,no_vehicle,5,424,568090,1280,11.328,1,2,1,1,1,1
mipa/001_labeled.csv,two_wheel,5,425,569370,1280,5.469,1,2,1,1,1,1
mipa/001_labeled.csv,two_wheel,5,426,570650,1280,29.297,1,2,1,1,1,1
mipa/001_labeled.csv,four_wheel,5,427,571930,1280,3.906,1,2,1,1,1,1
mipa/001_labeled.csv,four_wheel,5,428,573210,1280,30.469,1,2,1,1,1,1
mipa/001_labeled.csv,four_wheel,5,429,574490,1280,8.203,1,2,1,1,1,1
mipa/001_labeled.csv,unknown,5,430,575770,1280,2.344,1,2,1,1,1,1
mipa/001_labeled.csv,unknown,5,431,577050,1280,39.063,1,2,0,1,1,1
mipa/001_labeled.csv,two_wheel,5,432,578330,1280,2.344,1,2,1,1,1,1
mipa/001_labeled.csv,two_wheel,5,433,579610,1280,35.547,1,2,1,1,1,1
mipa/001_labeled.csv,two_wheel,5,434,580890,1280,48.828,1,2,1,1,1,1
mipa/001_labeled.csv,two_wheel,5,435,582170,1280,37.891,1,2,1,1,1,2
mipa/001_labeled.csv,two_wheel,5,436,583450,1280,0.781,1,2,1,1,1,1
mipa/001_labeled.csv,two_wheel,5,437,584730,1280,15.625,1,2,1,1,1,1
mipa/001_labeled.csv,no_vehicle,5,438,586010,1280,26.172,1,2,1,1,1,1
mipa/001_labeled.csv,no_vehicle,5,439,587290,1280,24.609,1,2,1,1,1,1
mipa/001_labeled.csv,no_vehicle,5,440,588570,1280,23.047,1,2,0,1,1,1
mipa/001_labeled.csv,no_vehicle,5,441,589850,1280,33.984,1,2,1,1,1,2
mipa/001_labeled.csv,no_vehicle,5,442,591130,1280,9.375,1,2,1,1,1,1
mipa/001_labeled.csv,no_vehicle,5,443,592410,1280,21.094,1,2,1,1,1,1
mipa/001_labeled.csv,no_vehicle,5,444,593690,1280,3.516,1,2,1,1,1,1
mipa/001_labeled.csv,no_vehicle,5,445,594970,1280,9.766,1,2,0,1,1,1
mipa/001_labeled.csv,no_vehicle,5,446,596250,1280,10.547,1,2,1,1,1,1
mipa/001_labeled.csv,no_vehicle,5,447,597530,1280,39.844,1,2,1,1,1,1
mipa/001_labeled.csv,no_vehicle,5,448,598810,1280,6.641,1,2,1,1,1,1
mipa/001_labeled.csv,no_vehicle,5,449,600090,1280,10.547,1,2,1,1,1,1
mipa/001_labeled.csv,two_wheel,5,450,601370,1280,42.578,1,2,1,1,1,1
mipa/001_labeled.csv,two_wheel,5,451,602650,1280,7.813,1,2,1,1,1,1
mipa/001_labeled.csv,no_vehicle,5,452,603930,1280,1.172,1,2,1,1,1,1
mipa/001_labeled.csv,two_wheel,5,453,605210,1280,6.25,1,2,1,1,1,1
mipa/001_labeled.csv,two_wheel,5,454,606490,1280,7.813,1,2,1,1,1,1
mipa/001_labeled.csv,no_vehicle,5,455,607770,1280,34.375,1,2,1,1,1,1
mipa/001_labeled.csv,no_vehicle,5,456,609050,1280,10.938,1,2,0,1,1,1
mipa/001_labeled.csv,no_vehicle,5,457,610330,1280,17.578,1,2,1,1,1,1
mipa/001_labeled.csv,four_wheel,5,458,611610,1280,25.0,1,2,1,1,1,1
mipa/001_labeled.csv,four_wheel,5,459,612890,1280,27.344,1,2,1,1,1,1
mipa/001_labeled.csv,four_wheel,5,460,614170,1280,5.469,1,2,0,1,1,1
mipa/001_labeled.csv,no_vehicle,5,461,615450,1280,49.219,1,2,1,1,1,1
mipa/001_labeled.csv,no_vehicle,5,462,616730,1280,3.516,1,2,1,1,1,1
mipa/001_labeled.csv,two_wheel,5,463,618010,1280,12.109,1,2,1,1,1,1
mipa/001_labeled.csv,two_wheel,5,464,619290,1280,11.328,1,2,1,1,1,1
mipa/001_labeled.csv,no_vehicle,5,465,620570,1280,4.688,1,2,1,1,1,1
mipa/001_labeled.csv,no_vehicle,5,466,621850,1280,5.078,1,2,1,1,1,1
mipa/001_labeled.csv,no_vehicle,5,467,623130,1280,48.047,1,2,1,1,1,1
mipa/001_labeled.csv,no_vehicle,5,468,624410,1280,20.313,1,2,1,1,1,1
mipa/001_labeled.csv,no_vehicle,5,469,625690,1280,43.359,1,2,1,1,1,1
mipa/001_labeled.csv,no_vehicle,5,470,626970,1280,10.547,1,2,1,1,1,1
mipa/001_labeled.csv,no_vehicle,5,471,628250,1280,23.047,1,2,1,1,1,1
mipa/001_labeled.csv,no_vehicle,5,472,629530,1280,14.063,1,2,1,1,1,1
mipa/001_labeled.csv,no_vehicle,5,473,630810,1280,4.297,1,2,1,1,1,1
mipa/001_labeled.csv,no_vehicle,5,474,632090,1280,0.391,1,2,1,1,1,1
mipa/001_labeled.csv,four_wheel,5,475,633370,1280,29.688,1,2,1,1,1,1
mipa/001_labeled.csv,four_wheel,5,476,634650,1280,20.313,1,2,1,1,1,1
mipa/001_labeled.csv,four_wheel,5,477,635930,1280,5.859,1,2,0,1,1,1
mipa/001_labeled.csv,no_vehicle,5,478,637210,1280,20.313,1,2,1,1,1,1
mipa/001_labeled.csv,no_vehicle,5,479,638490,1280,19.922,1,2,1,1,1,1
mipa/001_labeled.csv,no_vehicle,5,480,639770,1280,22.656,1,2,0,1,1,1
mipa/001_labeled.csv,no_vehicle,5,481,641050,1280,28.125,1,2,1,1,1,1
mipa/002_labeled.csv,no_vehicle,5,1,46030,0,7.031,1,2,1,1,1,1
mipa/002_labeled.csv,no_vehicle,5,2,47310,1280,7.813,1,2,1,1,1,1
mipa/002_labeled.csv,no_vehicle,5,3,48590,1280,13.281,1,2,0,1,1,1
mipa/002_labeled.csv,no_vehicle,5,4,49870,1280,24.609,1,2,0,1,1,1
mipa/002_labeled.csv,no_vehicle,5,5,51150,1280,25.391,1,2,1,1,1,1
mipa/002_labeled.csv,no_vehicle,5,6,52430,1280,19.531,1,2,1,1,1,1
mipa/002_labeled.csv,no_vehicle,5,7,53710,1280,29.688,1,2,1,1,1,1
mipa/002_labeled.csv,two_wheel,5,8,54990,1280,19.531,1,2,1,1,1,1
mipa/002_labeled.csv,two_wheel,5,9,56270,1280,12.891,1,2,1,1,1,1
mipa/002_labeled.csv,two_wheel,5,10,57550,1280,33.594,1,2,1,1,1,1
mipa/002_labeled.csv,no_vehicle,5,11,58830,1280,17.969,1,2,1,1,1,1
mipa/002_labeled.csv,no_vehicle,5,12,60110,1280,11.328,1,2,1,1,1,1
mipa/002_labeled.csv,no_vehicle,5,13,61390,1280,9.375,1,2,1,1,1,1
mipa/002_labeled.csv,no_vehicle,5,14,62670,1280,18.359,1,2,1,1,1,1
mipa/002_labeled.csv,no_vehicle,5,15,63950,1280,34.766,1,2,1,1,1,1
mipa/002_labeled.csv,no_vehicle,5,16,65230,1280,5.469,1,2,0,1,1,1
mipa/002_labeled.csv,no_vehicle,5,17,66510,1280,28.516,1,2,1,1,1,1
mipa/002_labeled.csv,no_vehicle,5,18,67790,1280,17.188,1,2,1,1,1,1
mipa/002_labeled.csv,two_wheel,5,19,69070,1280,25.781,1,2,1,1,1,1
mipa/002_labeled.csv,two_wheel,5,20,70350,1280,30.469,1,2,1,1,1,1
mipa/002_labeled.csv,two_wheel,5,21,71630,1280,24.609,1,2,1,1,1,1
mipa/002_labeled.csv,two_wheel,5,22,72910,1280,37.109,1,2,1,1,1,1
mipa/002_labeled.csv,two_wheel,5,23,74190,1280,10.156,1,2,1,1,1,1
mipa/002_labeled.csv,two_wheel,5,24,75470,1280,0.391,1,2,1,1,1,1
mipa/002_labeled.csv,two_wheel,5,25,76750,1280,44.922,1,2,1,1,1,1
mipa/002_labeled.csv,no_vehicle,5,26,78030,1280,14.453,1,2,0,1,1,1
mipa/002_labeled.csv,two_wheel,5,27,79310,1280,38.672,1,2,1,1,1,1
mipa/002_labeled.csv,two_wheel,5,28,80590,1280,37.109,1,2,1,1,1,1
mipa/002_labeled.csv,two_wheel,5,29,81870,1280,30.859,1,2,1,1,1,1
mipa/002_labeled.csv,two_wheel,5,30,83150,1280,34.375,1,2,1,1,1,1
mipa/002_labeled.csv,no_vehicle,5,31,84430,1280,12.109,1,2,1,1,1,1
mipa/002_labeled.csv,no_vehicle,5,32,85710,1280,29.688,1,2,1,1,1,1
mipa/002_labeled.csv,two_wheel,5,33,86990,1280,9.375,1,2,1,1,1,1
mipa/002_labeled.csv,two_wheel,5,34,88270,1280,3.516,1,2,1,1,1,1
mipa/002_labeled.csv,two_wheel,5,35,89550,1280,49.219,1,2,1,1,1,2
mipa/002_labeled.csv,two_wheel,5,36,90830,1280,34.375,1,2,1,1,1,1
mipa/002_labeled.csv,two_wheel,5,37,92110,1280,35.156,1,2,1,1,1,1
mipa/002_labeled.csv,no_vehicle,5,38,93390,1280,40.234,1,2,1,1,1,1
mipa/002_labeled.csv,no_vehicle,5,39,94670,1280,3.125,1,2,1,1,1,1
mipa/002_labeled.csv,no_vehicle,5,40,95950,1280,30.469,1,2,1,1,1,1
mipa/002_labeled.csv,no_vehicle,5,41,97230,1280,6.641,1,2,1,1,1,2
mipa/002_labeled.csv,no_vehicle,5,42,98510,1280,33.203,1,2,0,1,1,1
mipa/002_labeled.csv,no_vehicle,5,43,99790,1280,1.563,1,2,1,1,1,1
mipa/002_labeled.csv,no_vehicle,5,44,101070,1280,30.078,1,2,1,1,1,1
mipa/002_labeled.csv,no_vehicle,5,45,102350,1280,3.906,1,2,1,1,1,1
mipa/002_labeled.csv,no_vehicle,5,46,103630,1280,7.422,1,2,1,1,1,1
mipa/002_labeled.csv,two_wheel,5,47,104910,1280,4.297,1,2,1,1,1,1
mipa/002_labeled.csv,two_wheel,5,48,106190,1280,3.906,1,2,1,1,1,1
mipa/002_labeled.csv,four_wheel,5,49,107470,1280,0.781,1,2,1,1,1,1
mipa/002_labeled.csv,four_wheel,5,50,108750,1280,23.438,1,2,1,1,1,1
mipa/002_labeled.csv,four_wheel,5,51,110030,1280,9.766,1,2,1,1,1,1
mipa/002_labeled.csv,no_vehicle,5,52,111310,1280,33.203,1,2,1,1,1,1
mipa/002_labeled.csv,no_vehicle,5,53,112590,1280,40.625,1,2,1,1,1,1
mipa/002_labeled.csv,two_wheel,5,54,113870,1280,19.531,1,2,0,1,1,1
mipa/002_labeled.csv,two_wheel,5,55,115150,1280,35.547,1,2,1,1,1,1
mipa/002_labeled.csv,no_vehicle,5,56,116430,1280,2.344,1,2,1,1,1,1
mipa/002_labeled.csv,no_vehicle,5,57,117710,1280,35.938,1,2,0,1,1,1
mipa/002_labeled.csv,no_vehicle,5,58,118990,1280,11.719,1,2,1,1,1,1
mipa/002_labeled.csv,no_vehicle,5,59,120270,1280,6.25,1,2,1,1,1,1
mipa/002_labeled.csv,no_vehicle,5,60,121550,1280,32.031,1,2,1,1,1,1
mipa/002_labeled.csv,no_vehicle,5,61,122830,1280,4.688,1,2,1,1,1,1
mipa/002_labeled.csv,no_vehicle,5,62,124110,1280,5.859,1,2,1,1,1,1
mipa/002_labeled.csv,no_vehicle,5,63,125390,1280,29.297,1,2,1,1,1,1
mipa/002_labeled.csv,no_vehicle,5,64,126670,1280,49.219,1,2,1,1,1,1
mipa/002_labeled.csv,no_vehicle,5,65,127950,1280,25.391,1,2,1,1,1,1
mipa/002_labeled.csv,no_vehicle,5,66,129230,1280,2.344,1,2,1,1,1,1
mipa/002_labeled.csv,two_wheel,5,67,130510,1280,26.953,1,2,1,1,1,1
mipa/002_labeled.csv,two_wheel,5,68,131790,1280,21.094,1,2,1,1,1,1
mipa/002_labeled.csv,no_vehicle,5,69,133070,1280,10.938,1,2,1,1,1,2
mipa/002_labeled.csv,two_wheel,5,70,134350,1280,8.984,1,2,1,1,1,1
mipa/002_labeled.csv,two_wheel,5,71,135630,1280,14.063,1,2,1,1,1,1
mipa/002_labeled.csv,no_vehicle,5,72,136910,1280,22.266,1,2,1,1,1,1
mipa/002_labeled.csv,no_vehicle,5,73,138190,1280,14.453,1,2,1,1,1,1
mipa/002_labeled.csv,two_wheel,5,74,139470,1280,38.281,1,2,1,1,1,1
mipa/002_labeled.csv,two_wheel,5,75,140750,1280,46.094,1,2,1,1,1,1
mipa/002_labeled.csv,four_wheel,5,76,142030,1280,15.625,1,2,1,1,1,1
mipa/002_labeled.csv,four_wheel,5,77,143310,1280,0.781,1,2,1,1,1,1
mipa/002_labeled.csv,no_vehicle,5,78,144590,1280,49.219,1,2,1,1,1,1
mipa/002_labeled.csv,no_vehicle,5,79,145870,1280,16.797,1,2,0,1,1,1
mipa/002_labeled.csv,no_vehicle,5,80,147150,1280,18.75,1,2,1,1,1,1
mipa/002_labeled.csv,no_vehicle,5,81,148430,1280,9.375,1,2,1,1,1,1
mipa/002_labeled.csv,no_vehicle,5,82,149710,1280,25.391,1,2,1,1,1,1
mipa/002_labeled.csv,no_vehicle,5,83,150990,1280,9.766,1,2,0,1,1,1
mipa/002_labeled.csv,two_wheel,5,84,152270,1280,23.047,1,2,0,1,1,1
mipa/002_labeled.csv,four_wheel,5,85,153550,1280,22.656,1,2,1,1,1,1
mipa/002_labeled.csv,four_wheel,5,86,154830,1280,17.188,1,2,1,1,1,1
mipa/002_labeled.csv,two_wheel,5,87,156110,1280,30.859,1,2,1,1,1,1
mipa/002_labeled.csv,four_wheel,5,88,157390,1280,20.703,1,2,1,1,1,1
mipa/002_labeled.csv,four_wheel,5,89,158670,1280,34.766,1,2,0,1,1,1
mipa/002_labeled.csv,no_vehicle,5,90,159950,1280,26.953,1,2,1,1,1,1
mipa/002_labeled.csv,no_vehicle,5,91,161230,1280,15.625,1,2,1,1,1,1
mipa/002_labeled.csv,two_wheel,5,92,162510,1280,17.188,1,2,1,1,1,1
mipa/002_labeled.csv,two_wheel,5,93,163790,1280,21.094,1,2,1,1,1,1
mipa/002_labeled.csv,two_wheel,5,94,165070,1280,40.234,1,2,1,1,1,1
mipa/002_labeled.csv,two_wheel,5,95,166350,1280,11.719,1,2,1,1,1,1
mipa/002_labeled.csv,two_wheel,5,96,167630,1280,12.5,1,2,1,1,1,1
mipa/002_labeled.csv,two_wheel,5,97,168910,1280,44.922,1,2,1,1,1,1
mipa/002_labeled.csv,no_vehicle,5,98,170190,1280,30.469,1,2,1,1,1,1
mipa/002_labeled.csv,no_vehicle,5,99,171470,1280,3.516,1,2,1,1,1,1
mipa/002_labeled.csv,no_vehicle,5,100,172750,1280,7.422,1,2,0,1,1,1
mipa/002_labeled.csv,no_vehicle,5,101,174030,1280,21.094,1,2,0,1,1,1
mipa/002_labeled.csv,no_vehicle,5,102,175310,1280,16.016,1,2,0,1,1,1
mipa/002_labeled.csv,no_vehicle,5,103,176590,1280,15.625,1,2,1,1,1,1
mipa/002_labeled.csv,no_vehicle,5,104,177870,1280,15.234,1,2,1,1,1,1
mipa/002_labeled.csv,no_vehicle,5,105,179150,1280,19.531,1,2,0,1,1,1
mipa/002_labeled.csv,no_vehicle,5,106,180430,1280,33.594,1,2,0,1,1,1
mipa/002_labeled.csv,two_wheel,5,107,181710,1280,16.406,1,2,0,1,1,1
mipa/002_labeled.csv,two_wheel,5,108,182990,1280,8.984,1,2,1,1,1,1
mipa/002_labeled.csv,two_wheel,5,109,184270,1280,39.453,1,2,1,1,1,1
mipa/002_labeled.csv,two_wheel,5,110,185550,1280,15.234,1,2,1,1,1,1
mipa/002_labeled.csv,no_vehicle,5,111,186830,1280,0.781,1,2,1,1,1,1
mipa/002_labeled.csv,no_vehicle,5,112,188110,1280,16.406,1,2,1,1,1,1
mipa/002_labeled.csv,no_vehicle,5,113,189390,1280,4.297,1,2,1,1,1,1
mipa/002_labeled.csv,no_vehicle,5,114,190670,1280,23.828,1,2,1,1,1,1
mipa/002_labeled.csv,no_vehicle,5,115,191950,1280,49.219,1,2,1,1,1,2
mipa/002_labeled.csv,no_vehicle,5,116,193230,1280,13.672,1,2,1,1,1,1
mipa/002_labeled.csv,no_vehicle,5,117,194510,1280,38.672,1,2,1,1,1,1
mipa/002_labeled.csv,no_vehicle,5,118,195790,1280,35.156,1,2,1,1,1,1
mipa/002_labeled.csv,no_vehicle,5,119,197070,1280,28.906,1,2,1,1,1,1
mipa/002_labeled.csv,unknown,5,120,198350,1280,9.375,1,2,1,1,1,1
mipa/002_labeled.csv,unknown,5,121,199630,1280,48.438,1,2,0,1,1,1
mipa/002_labeled.csv,unknown,5,122,200910,1280,49.609,1,2,1,1,1,1
mipa/002_labeled.csv,no_vehicle,5,123,202190,1280,32.422,1,2,1,1,1,1
mipa/002_labeled.csv,two_wheel,5,124,203470,1280,19.141,1,2,1,1,1,1
mipa/002_labeled.csv,two_wheel,5,125,204750,1280,1.953,1,2,1,1,1,1
mipa/002_labeled.csv,unknown,5,126,206030,1280,19.922,1,2,1,1,1,1
mipa/002_labeled.csv,unknown,5,127,207310,1280,2.344,1,2,1,1,1,1
mipa/002_labeled.csv,unknown,5,128,208590,1280,2.734,1,2,1,1,1,1
mipa/002_labeled.csv,no_vehicle,5,129,209870,1280,16.797,1,2,0,1,1,1
mipa/002_labeled.csv,unknown,5,130,211150,1280,45.313,1,2,1,1,1,1
mipa/002_labeled.csv,unknown,5,131,212430,1280,16.016,1,2,0,1,1,1
mipa/002_labeled.csv,unknown,5,132,213710,1280,35.547,1,2,1,1,1,1
mipa/002_labeled.csv,no_vehicle,5,133,214990,1280,28.516,1,2,1,1,1,1
mipa/002_labeled.csv,four_wheel,5,134,216270,1280,24.219,1,2,1,1,1,1
mipa/002_labeled.csv,four_wheel,5,135,217550,1280,11.328,1,2,1,1,1,1
mipa/002_labeled.csv,no_vehicle,5,136,218830,1280,3.125,1,2,1,1,1,1
mipa/002_labeled.csv,no_vehicle,5,137,220110,1280,30.078,1,2,1,1,1,1
mipa/002_labeled.csv,two_wheel,5,138,221390,1280,12.109,1,2,1,1,1,1
mipa/002_labeled.csv,two_wheel,5,139,222670,1280,18.75,1,2,1,1,1,1
mipa/002_labeled.csv,two_wheel,5,140,223950,1280,14.063,1,2,1,1,1,1
mipa/002_labeled.csv,no_vehicle,5,141,225230,1280,24.609,1,2,1,1,1,1
mipa/002_labeled.csv,no_vehicle,5,142,226510,1280,25.391,1,2,1,1,1,1
mipa/002_labeled.csv,no_vehicle,5,143,227790,1280,17.578,1,2,1,1,1,1
mipa/002_labeled.csv,no_vehicle,5,144,229070,1280,15.625,1,2,0,1,1,1
mipa/002_labeled.csv,no_vehicle,5,145,230350,1280,30.469,1,2,1,1,1,1
mipa/002_labeled.csv,no_vehicle,5,146,231630,1280,6.25,1,2,1,1,1,1
mipa/002_labeled.csv,no_vehicle,5,147,232910,1280,9.766,1,2,0,1,1,1
mipa/002_labeled.csv,no_vehicle,5,148,234190,1280,8.203,1,2,1,1,1,1
mipa/002_labeled.csv,no_vehicle,5,149,235470,1280,25.391,1,2,0,1,1,1
mipa/002_labeled.csv,two_wheel,5,150,236750,1280,3.516,1,2,1,1,1,1
mipa/002_labeled.csv,two_wheel,5,151,238030,1280,30.859,1,2,1,1,1,1
mipa/002_labeled.csv,two_wheel,5,152,239310,1280,29.688,1,2,1,1,1,1
mipa/002_labeled.csv,two_wheel,5,153,240590,1280,28.516,1,2,1,1,1,1
mipa/002_labeled.csv,two_wheel,5,154,241870,1280,2.344,1,2,1,1,1,1
mipa/002_labeled.csv,unknown,5,155,243150,1280,4.688,1,2,1,1,1,1
mipa/002_labeled.csv,unknown,5,156,244430,1280,8.984,1,2,1,1,1,1
mipa/002_labeled.csv,two_wheel,5,157,245710,1280,14.063,1,2,1,1,1,1
mipa/002_labeled.csv,two_wheel,5,158,246990,1280,3.906,1,2,1,1,1,1
mipa/002_labeled.csv,no_vehicle,5,159,248270,1280,5.859,1,2,1,1,1,1
mipa/002_labeled.csv,two_wheel,5,160,249550,1280,11.328,1,2,1,1,1,1
mipa/002_labeled.csv,two_wheel,5,161,250830,1280,10.547,1,2,1,1,1,1
mipa/002_labeled.csv,two_wheel,5,162,252110,1280,5.469,1,2,1,1,1,1
mipa/002_labeled.csv,unknown,5,163,253390,1280,8.594,1,2,1,1,1,1
mipa/002_labeled.csv,unknown,5,164,254670,1280,48.047,1,2,1,1,1,1
mipa/002_labeled.csv,two_wheel,5,165,255950,1280,14.453,1,2,1,1,1,1
mipa/002_labeled.csv,no_vehicle,5,166,257230,1280,7.031,1,2,1,1,1,1
mipa/002_labeled.csv,no_vehicle,5,167,258510,1280,3.125,1,2,1,1,1,1
mipa/002_labeled.csv,no_vehicle,5,168,259790,1280,42.969,1,2,1,1,1,1
mipa/002_labeled.csv,no_vehicle,5,169,261070,1280,13.281,1,2,1,1,1,1
mipa/002_labeled.csv,no_vehicle,5,170,262350,1280,8.984,1,2,1,1,1,1
mipa/002_labeled.csv,no_vehicle,5,171,263630,1280,15.625,1,2,1,1,1,1
mipa/002_labeled.csv,no_vehicle,5,172,264910,1280,14.063,1,2,1,1,1,1
mipa/002_labeled.csv,no_vehicle,5,173,266190,1280,11.328,1,2,1,1,1,1
mipa/002_labeled.csv,no_vehicle,5,174,267470,1280,14.844,1,2,1,1,1,1
mipa/002_labeled.csv,no_vehicle,5,175,268750,1280,29.688,1,2,1,1,1,1
mipa/002_labeled.csv,no_vehicle,5,176,270030,1280,16.016,1,2,1,1,1,1
mipa/002_labeled.csv,no_vehicle,5,177,271310,1280,18.75,1,2,1,1,1,1
mipa/002_labeled.csv,no_vehicle,5,178,272590,1280,3.125,1,2,1,1,1,1
mipa/002_labeled.csv,no_vehicle,5,179,273870,1280,4.688,1,2,1,1,1,1
mipa/002_labeled.csv,no_vehicle,5,180,275150,1280,8.203,1,2,1,1,1,1
mipa/002_labeled.csv,no_vehicle,5,181,276430,1280,16.016,1,2,1,1,1,1
mipa/002_labeled.csv,no_vehicle,5,182,277710,1280,1.172,1,2,1,1,1,1
mipa/002_labeled.csv,two_wheel,5,183,278990,1280,7.031,1,2,1,1,1,1
mipa/002_labeled.csv,two_wheel,5,184,280270,1280,48.438,1,2,1,1,1,1
mipa/002_labeled.csv,no_vehicle,5,185,281550,1280,5.469,1,2,1,1,1,1
mipa/002_labeled.csv,no_vehicle,5,186,282830,1280,17.969,1,2,1,1,1,1
mipa/002_labeled.csv,two_wheel,5,187,284110,1280,13.281,1,2,1,1,1,1
mipa/002_labeled.csv,two_wheel,5,188,285390,1280,9.766,1,2,0,1,1,1
mipa/002_labeled.csv,two_wheel,5,189,286670,1280,19.141,1,2,1,1,1,1
mipa/002_labeled.csv,two_wheel,5,190,287950,1280,2.344,1,2,1,1,1,1
mipa/002_labeled.csv,two_wheel,5,191,289230,1280,4.688,1,2,1,1,1,1
mipa/002_labeled.csv,no_vehicle,5,192,290510,1280,49.609,1,2,1,1,1,1
mipa/002_labeled.csv,no_vehicle,5,193,291790,1280,5.078,1,2,1,1,1,1
mipa/002_labeled.csv,two_wheel,5,194,293070,1280,47.656,1,2,1,1,1,1
mipa/002_labeled.csv,two_wheel,5,195,294350,1280,39.844,1,2,1,1,1,1
mipa/002_labeled.csv,two_wheel,5,196,295630,1280,3.906,1,2,1,1,1,1
mipa/002_labeled.csv,no_vehicle,5,197,296910,1280,4.297,1,2,1,1,1,1
mipa/002_labeled.csv,no_vehicle,5,198,298190,1280,2.344,1,2,1,1,1,1
mipa/002_labeled.csv,no_vehicle,5,199,299470,1280,2.734,1,2,1,1,1,1
mipa/002_labeled.csv,no_vehicle,5,200,300750,1280,13.672,1,2,1,1,1,1
mipa/002_labeled.csv,no_vehicle,5,201,302030,1280,4.297,1,2,1,1,1,1
mipa/002_labeled.csv,no_vehicle,5,202,303310,1280,26.563,1,2,1,1,1,1
mipa/002_labeled.csv,two_wheel,5,203,304590,1280,12.5,1,2,1,1,1,1
mipa/002_labeled.csv,two_wheel,5,204,305870,1280,32.422,1,2,1,1,1,1
mipa/002_labeled.csv,two_wheel,5,205,307150,1280,15.234,1,2,1,1,1,1
mipa/002_labeled.csv,no_vehicle,5,206,308430,1280,7.031,1,2,1,1,1,1
mipa/002_labeled.csv,no_vehicle,5,207,309710,1280,48.047,1,2,1,1,1,1
mipa/002_labeled.csv,no_vehicle,5,208,310990,1280,23.047,1,2,1,1,1,1
mipa/002_labeled.csv,no_vehicle,5,209,312270,1280,26.172,1,2,1,1,1,1
mipa/002_labeled.csv,no_vehicle,5,210,313550,1280,29.297,1,2,1,1,1,1
mipa/002_labeled.csv,no_vehicle,5,211,314830,1280,30.859,1,2,1,1,1,1
mipa/002_labeled.csv,two_wheel,5,212,316110,1280,23.828,1,2,1,1,1,1
mipa/002_labeled.csv,two_wheel,5,213,317390,1280,19.141,1,2,1,1,1,1
mipa/002_labeled.csv,two_wheel,5,214,318670,1280,1.172,1,2,1,1,1,1
mipa/002_labeled.csv,two_wheel,5,215,319950,1280,19.531,1,2,1,1,1,1
mipa/002_labeled.csv,two_wheel,5,216,321230,1280,33.203,1,2,0,1,1,1
mipa/002_labeled.csv,two_wheel,5,217,322510,1280,3.125,1,2,1,1,1,1
mipa/002_labeled.csv,no_vehicle,5,218,323790,1280,1.953,1,2,1,1,1,1
mipa/002_labeled.csv,no_vehicle,5,219,325070,1280,38.672,1,2,0,1,1,1
mipa/002_labeled.csv,no_vehicle,5,220,326350,1280,27.734,1,2,1,1,1,1
mipa/002_labeled.csv,no_vehicle,5,221,327630,1280,21.875,1,2,1,1,1,1
mipa/002_labeled.csv,no_vehicle,5,222,328910,1280,42.578,1,2,1,1,1,1
mipa/002_labeled.csv,no_vehicle,5,223,330190,1280,41.797,1,2,1,1,1,1
mipa/002_labeled.csv,no_vehicle,5,224,331470,1280,13.281,1,2,0,1,1,1
mipa/002_labeled.csv,two_wheel,5,225,332750,1280,14.453,1,2,1,1,1,1
mipa/002_labeled.csv,two_wheel,5,226,334030,1280,17.188,1,2,0,1,1,1
mipa/002_labeled.csv,no_vehicle,5,227,335310,1280,28.516,1,2,1,1,1,1
mipa/002_labeled.csv,no_vehicle,5,228,336590,1280,44.922,1,2,0,1,1,1
mipa/002_labeled.csv,no_vehicle,5,229,337870,1280,6.25,1,2,1,1,1,1
mipa/002_labeled.csv,no_vehicle,5,230,339150,1280,23.047,1,2,1,1,1,1
mipa/002_labeled.csv,no_vehicle,5,231,340430,1280,30.078,1,2,1,1,2,1
mipa/002_labeled.csv,no_vehicle,5,232,341710,1280,8.984,1,2,1,1,1,1
mipa/002_labeled.csv,no_vehicle,5,233,342990,1280,17.969,1,2,1,1,2,1
mipa/002_labeled.csv,no_vehicle,5,234,344270,1280,7.031,1,2,1,1,1,1
mipa/002_labeled.csv,no_vehicle,5,235,345550,1280,11.719,1,2,1,1,1,1
mipa/002_labeled.csv,no_vehicle,5,236,346830,1280,37.891,1,2,1,1,1,1
mipa/002_labeled.csv,four_wheel,5,237,348110,1280,16.406,1,2,1,1,1,1
mipa/002_labeled.csv,four_wheel,5,238,349390,1280,19.141,1,2,1,1,1,1
mipa/002_labeled.csv,four_wheel,5,239,350670,1280,25.0,1,2,1,1,1,1
mipa/002_labeled.csv,no_vehicle,5,240,351950,1280,33.203,1,2,1,1,1,2
mipa/002_labeled.csv,no_vehicle,5,241,353230,1280,30.469,1,2,1,1,1,1
mipa/002_labeled.csv,no_vehicle,5,242,354510,1280,19.531,1,2,1,1,1,1
mipa/002_labeled.csv,two_wheel,5,243,355790,1280,13.281,1,2,1,1,1,1
mipa/002_labeled.csv,two_wheel,5,244,357070,1280,1.563,1,2,1,1,1,1
mipa/002_labeled.csv,two_wheel,5,245,358350,1280,29.688,1,2,1,1,1,1
mipa/002_labeled.csv,two_wheel,5,246,359630,1280,20.703,1,2,1,1,1,1
mipa/002_labeled.csv,two_wheel,5,247,360910,1280,6.641,1,2,1,1,1,1
mipa/002_labeled.csv,no_vehicle,5,248,362190,1280,10.156,1,2,1,1,1,1
mipa/002_labeled.csv,two_wheel,5,249,363470,1280,7.813,1,2,1,1,1,1
mipa/002_labeled.csv,two_wheel,5,250,364750,1280,11.719,1,2,1,1,1,1
mipa/002_labeled.csv,two_wheel,5,251,366030,1280,0.391,1,2,1,1,1,1
mipa/002_labeled.csv,no_vehicle,5,252,367310,1280,1.953,1,2,1,1,1,1
mipa/002_labeled.csv,no_vehicle,5,253,368590,1280,20.703,1,2,1,1,1,1
mipa/002_labeled.csv,no_vehicle,5,254,369870,1280,0.391,1,2,1,1,1,1
mipa/002_labeled.csv,no_vehicle,5,255,371150,1280,15.625,1,2,1,1,1,1
mipa/002_labeled.csv,no_vehicle,5,256,372430,1280,2.344,1,2,1,1,1,1
mipa/002_labeled.csv,no_vehicle,5,257,373710,1280,29.297,1,2,1,1,1,1
mipa/002_labeled.csv,no_vehicle,5,258,374990,1280,25.781,1,2,1,1,1,1
mipa/002_labeled.csv,no_vehicle,5,259,376270,1280,1.953,1,2,1,1,1,1
mipa/002_labeled.csv,no_vehicle,5,260,377550,1280,11.328,1,2,1,1,1,1
mipa/002_labeled.csv,no_vehicle,5,261,378830,1280,35.156,1,2,1,1,1,1
mipa/002_labeled.csv,no_vehicle,5,262,380110,1280,19.922,1,2,1,1,1,1
mipa/002_labeled.csv,no_vehicle,5,263,381390,1280,3.906,1,2,1,1,1,1
mipa/002_labeled.csv,two_wheel,5,264,382670,1280,5.469,1,2,1,1,1,1
mipa/002_labeled.csv,two_wheel,5,265,383950,1280,5.078,1,2,1,1,1,1
mipa/002_labeled.csv,no_vehicle,5,266,385230,1280,8.984,1,2,1,1,1,1
mipa/002_labeled.csv,unknown,5,267,386510,1280,18.75,1,2,1,1,1,1
mipa/002_labeled.csv,unknown,5,268,387790,1280,49.219,1,2,0,1,1,1
mipa/002_labeled.csv,unknown,5,269,389070,1280,14.453,1,2,1,1,1,1
mipa/002_labeled.csv,no_vehicle,5,270,390350,1280,46.875,1,2,0,1,1,1
mipa/002_labeled.csv,no_vehicle,5,271,391630,1280,3.125,1,2,1,1,1,1
mipa/002_labeled.csv,two_wheel,5,272,392910,1280,5.469,1,2,1,1,1,1
mipa/002_labeled.csv,two_wheel,5,273,394190,1280,10.547,1,2,1,1,1,1
mipa/002_labeled.csv,no_vehicle,5,274,395470,1280,42.578,1,2,0,1,1,1
mipa/002_labeled.csv,no_vehicle,5,275,396750,1280,18.75,1,2,1,1,1,1
mipa/002_labeled.csv,no_vehicle,5,276,398030,1280,49.219,1,2,1,1,1,1
mipa/002_labeled.csv,two_wheel,5,277,399310,1280,19.922,1,2,0,1,1,1
mipa/002_labeled.csv,two_wheel,5,278,400590,1280,9.375,1,2,1,1,1,1
mipa/002_labeled.csv,no_vehicle,5,279,401870,1280,40.625,1,2,1,1,1,1
mipa/002_labeled.csv,two_wheel,5,280,403150,1280,40.625,1,2,1,1,1,1
mipa/002_labeled.csv,two_wheel,5,281,404430,1280,13.672,1,2,1,1,1,1
mipa/002_labeled.csv,two_wheel,5,282,405710,1280,13.281,1,2,1,1,1,1
mipa/002_labeled.csv,two_wheel,5,283,406990,1280,48.047,1,2,1,1,1,1
mipa/002_labeled.csv,no_vehicle,5,284,408270,1280,40.234,1,2,0,1,1,1
mipa/002_labeled.csv,two_wheel,5,285,409550,1280,25.781,1,2,0,1,1,1
mipa/002_labeled.csv,two_wheel,5,286,410830,1280,2.344,1,2,1,1,1,1
mipa/002_labeled.csv,no_vehicle,5,287,412110,1280,16.406,1,2,1,1,1,1
mipa/002_labeled.csv,no_vehicle,5,288,413390,1280,1.563,1,2,1,1,1,1
mipa/002_labeled.csv,no_vehicle,5,289,414670,1280,3.125,1,2,1,1,1,1
mipa/002_labeled.csv,no_vehicle,5,290,415950,1280,17.969,1,2,1,1,1,1
mipa/002_labeled.csv,unknown,5,291,417230,1280,40.625,1,2,1,1,1,1
mipa/002_labeled.csv,unknown,5,292,418510,1280,12.5,1,2,1,1,1,1
mipa/002_labeled.csv,unknown,5,293,419790,1280,48.438,1,2,1,1,1,1
mipa/002_labeled.csv,two_wheel,5,294,421070,1280,5.469,1,2,1,1,1,1
mipa/002_labeled.csv,two_wheel,5,295,422350,1280,7.422,1,2,1,1,1,1
mipa/002_labeled.csv,no_vehicle,5,296,423630,1280,11.719,1,2,0,1,1,1
mipa/002_labeled.csv,no_vehicle,5,297,424910,1280,17.188,1,2,1,1,1,1
mipa/002_labeled.csv,no_vehicle,5,298,426190,1280,49.609,1,2,1,1,1,1
mipa/002_labeled.csv,two_wheel,5,299,427470,1280,11.328,1,2,1,1,1,1
mipa/002_labeled.csv,two_wheel,5,300,428750,1280,26.563,1,2,1,1,1,1
mipa/002_labeled.csv,two_wheel,5,301,430030,1280,4.297,1,2,1,1,1,1
mipa/002_labeled.csv,no_vehicle,5,302,431310,1280,30.859,1,2,1,1,1,1
mipa/002_labeled.csv,no_vehicle,5,303,432590,1280,31.641,1,2,1,1,1,1
mipa/002_labeled.csv,no_vehicle,5,304,433870,1280,32.031,1,2,0,1,1,2
mipa/002_labeled.csv,no_vehicle,5,305,435150,1280,43.359,1,2,1,1,1,1
mipa/002_labeled.csv,two_wheel,5,306,436430,1280,5.859,1,2,1,1,1,1
mipa/002_labeled.csv,two_wheel,5,307,437710,1280,1.563,1,2,1,1,1,1
mipa/002_labeled.csv,two_wheel,5,308,438990,1280,0.391,1,2,1,1,1,1
mipa/002_labeled.csv,two_wheel,5,309,440270,1280,42.969,1,2,1,1,1,1
mipa/002_labeled.csv,two_wheel,5,310,441550,1280,28.125,1,2,0,1,1,1
mipa/002_labeled.csv,no_vehicle,5,311,442830,1280,1.563,1,2,1,1,1,1
mipa/002_labeled.csv,two_wheel,5,312,444110,1280,14.453,1,2,1,1,1,1
mipa/002_labeled.csv,two_wheel,5,313,445390,1280,16.016,1,2,1,1,1,1
mipa/002_labeled.csv,no_vehicle,5,314,446670,1280,25.391,1,2,0,1,1,1
mipa/002_labeled.csv,two_wheel,5,315,447950,1280,35.156,1,2,1,1,1,1
mipa/002_labeled.csv,two_wheel,5,316,449230,1280,34.766,1,2,1,1,1,1
mipa/002_labeled.csv,two_wheel,5,317,450510,1280,4.297,1,2,1,1,1,1
mipa/002_labeled.csv,no_vehicle,5,318,451790,1280,44.922,1,2,1,1,1,1
mipa/002_labeled.csv,no_vehicle,5,319,453070,1280,36.328,1,2,1,1,1,1
mipa/002_labeled.csv,no_vehicle,5,320,454350,1280,35.938,1,2,1,1,1,1
mipa/002_labeled.csv,no_vehicle,5,321,455630,1280,3.906,1,2,1,1,1,1
mipa/002_labeled.csv,no_vehicle,5,322,456910,1280,17.969,1,2,1,1,1,1
mipa/002_labeled.csv,no_vehicle,5,323,458190,1280,19.922,1,2,1,1,1,1
mipa/002_labeled.csv,no_vehicle,5,324,459470,1280,30.859,1,2,1,1,1,1
mipa/002_labeled.csv,no_vehicle,5,325,460750,1280,2.734,1,2,1,1,1,1
mipa/002_labeled.csv,no_vehicle,5,326,462030,1280,44.141,1,2,1,1,1,1
mipa/002_labeled.csv,no_vehicle,5,327,463310,1280,19.141,1,2,1,1,1,1
mipa/002_labeled.csv,no_vehicle,5,328,464590,1280,14.453,1,2,1,1,1,1
mipa/002_labeled.csv,no_vehicle,5,329,465870,1280,10.547,1,2,1,1,1,1
mipa/002_labeled.csv,two_wheel,5,330,467150,1280,10.938,1,2,1,1,1,1
mipa/002_labeled.csv,two_wheel,5,331,468430,1280,44.141,1,2,0,1,1,1
mipa/002_labeled.csv,four_wheel,5,332,469710,1280,7.813,1,2,1,1,1,1
mipa/002_labeled.csv,four_wheel,5,333,470990,1280,11.328,1,2,1,1,1,1
mipa/002_labeled.csv,unknown,5,334,472270,1280,21.875,1,2,1,1,1,1
mipa/002_labeled.csv,unknown,5,335,473550,1280,39.453,1,2,1,1,1,1
mipa/002_labeled.csv,unknown,5,336,474830,1280,19.922,1,2,1,1,1,1
mipa/002_labeled.csv,four_wheel,5,337,476110,1280,8.594,1,2,1,1,1,1
mipa/002_labeled.csv,four_wheel,5,338,477390,1280,12.109,1,2,1,1,1,1
mipa/002_labeled.csv,four_wheel,5,339,478670,1280,6.641,1,2,1,1,1,1
mipa/002_labeled.csv,no_vehicle,5,340,479950,1280,3.125,1,2,1,1,1,1
mipa/002_labeled.csv,no_vehicle,5,341,481230,1280,14.063,1,2,0,1,1,1
mipa/002_labeled.csv,no_vehicle,5,342,482510,1280,5.859,1,2,1,1,1,1
mipa/002_labeled.csv,no_vehicle,5,343,483790,1280,12.109,1,2,1,1,1,1
mipa/002_labeled.csv,no_vehicle,5,344,485070,1280,1.172,1,2,1,1,1,1
mipa/002_labeled.csv,no_vehicle,5,345,486350,1280,42.578,1,2,1,1,1,2
mipa/002_labeled.csv,no_vehicle,5,346,487630,1280,10.547,1,2,1,1,1,1
mipa/002_labeled.csv,no_vehicle,5,347,488910,1280,11.328,1,2,1,1,1,1
mipa/002_labeled.csv,no_vehicle,5,348,490190,1280,14.063,1,2,1,1,1,1
mipa/002_labeled.csv,no_vehicle,5,349,491470,1280,17.969,1,2,1,1,1,1
mipa/002_labeled.csv,two_wheel,5,350,492750,1280,41.797,1,2,1,1,1,1
mipa/002_labeled.csv,two_wheel,5,351,494030,1280,35.156,1,2,1,1,1,1
mipa/002_labeled.csv,two_wheel,5,352,495310,1280,31.641,1,2,1,1,1,1
mipa/002_labeled.csv,no_vehicle,5,353,496590,1280,23.438,1,2,1,1,1,1
mipa/002_labeled.csv,two_wheel,5,354,497870,1280,14.453,1,2,1,1,1,1
mipa/002_labeled.csv,two_wheel,5,355,499150,1280,11.719,1,2,1,1,1,1
mipa/002_labeled.csv,two_wheel,5,356,500430,1280,7.422,1,2,1,1,1,1
mipa/002_labeled.csv,no_vehicle,5,357,501710,1280,36.328,1,2,1,1,1,1
mipa/002_labeled.csv,no_vehicle,5,358,502990,1280,34.375,1,2,1,1,1,1
mipa/002_labeled.csv,no_vehicle,5,359,504270,1280,17.188,1,2,1,1,1,1
mipa/002_labeled.csv,no_vehicle,5,360,505550,1280,14.063,1,2,1,1,1,1
mipa/002_labeled.csv,no_vehicle,5,361,506830,1280,21.094,1,2,1,1,1,1
mipa/002_labeled.csv,no_vehicle,5,362,508110,1280,15.234,1,2,1,1,1,1
mipa/002_labeled.csv,two_wheel,5,363,509390,1280,12.5,1,2,1,1,1,1
mipa/002_labeled.csv,two_wheel,5,364,510670,1280,2.734,1,2,1,1,1,1
mipa/002_labeled.csv,no_vehicle,5,365,511950,1280,11.719,1,2,1,1,1,1
mipa/002_labeled.csv,no_vehicle,5,366,513230,1280,26.172,1,2,1,1,1,1
mipa/002_labeled.csv,no_vehicle,5,367,514510,1280,1.563,1,2,1,1,1,1
mipa/002_labeled.csv,no_vehicle,5,368,515790,1280,0.391,1,2,1,1,1,1
mipa/002_labeled.csv,no_vehicle,5,369,517070,1280,21.484,1,2,1,1,1,1
mipa/002_labeled.csv,no_vehicle,5,370,518350,1280,3.516,1,2,1,1,1,1
mipa/002_labeled.csv,no_vehicle,5,371,519630,1280,24.219,1,2,1,1,1,1
mipa/002_labeled.csv,no_vehicle,5,372,520910,1280,33.984,1,2,1,1,1,1
mipa/002_labeled.csv,no_vehicle,5,373,522190,1280,7.813,1,2,1,1,1,1
mipa/002_labeled.csv,no_vehicle,5,374,523470,1280,39.453,1,2,1,1,1,1
mipa/002_labeled.csv,no_vehicle,5,375,524750,1280,13.672,1,2,1,1,1,1
mipa/002_labeled.csv,no_vehicle,5,376,526030,1280,10.938,1,2,1,1,1,2
mipa/002_labeled.csv,no_vehicle,5,377,527310,1280,4.688,1,2,1,1,1,1
mipa/002_labeled.csv,no_vehicle,5,378,528590,1280,26.172,1,2,1,1,1,1
mipa/002_labeled.csv,no_vehicle,5,379,529870,1280,36.328,1,2,1,1,1,1
mipa/002_labeled.csv,no_vehicle,5,380,531150,1280,42.188,1,2,1,1,1,1
mipa/002_labeled.csv,no_vehicle,5,381,532430,1280,18.75,1,2,1,1,1,1
mipa/002_labeled.csv,no_vehicle,5,382,533710,1280,7.031,1,2,1,1,1,1
mipa/002_labeled.csv,no_vehicle,5,383,534990,1280,15.625,1,2,1,1,1,1
mipa/002_labeled.csv,no_vehicle,5,384,536270,1280,14.063,1,2,1,1,1,1
mipa/002_labeled.csv,no_vehicle,5,385,537550,1280,26.563,1,2,1,1,1,1
mipa/002_labeled.csv,no_vehicle,5,386,538830,1280,49.609,1,2,1,1,1,1
mipa/002_labeled.csv,no_vehicle,5,387,540110,1280,10.156,1,2,1,1,1,1
mipa/002_labeled.csv,two_wheel,5,388,541390,1280,21.875,1,2,1,1,1,1
mipa/002_labeled.csv,two_wheel,5,389,542670,1280,17.578,1,2,1,1,1,1
mipa/002_labeled.csv,no_vehicle,5,390,543950,1280,26.953,1,2,1,1,1,1
mipa/002_labeled.csv,no_vehicle,5,391,545230,1280,1.563,1,2,1,1,1,1
mipa/002_labeled.csv,no_vehicle,5,392,546510,1280,19.531,1,2,1,1,1,1
mipa/002_labeled.csv,no_vehicle,5,393,547790,1280,30.469,1,2,1,1,1,1
mipa/002_labeled.csv,no_vehicle,5,394,549070,1280,4.297,1,2,1,1,1,1
mipa/002_labeled.csv,no_vehicle,5,395,550350,1280,29.688,1,2,1,1,1,1
mipa/002_labeled.csv,no_vehicle,5,396,551630,1280,35.547,1,2,1,1,1,2
mipa/002_labeled.csv,no_vehicle,5,397,552910,1280,30.859,1,2,1,1,1,1
mipa/002_labeled.csv,no_vehicle,5,398,554190,1280,9.375,1,2,1,1,1,1
mipa/002_labeled.csv,no_vehicle,5,399,555470,1280,24.609,1,2,1,1,1,1
mipa/002_labeled.csv,two_wheel,5,400,556750,1280,5.859,1,2,0,1,1,1
mipa/002_labeled.csv,two_wheel,5,401,558030,1280,32.422,1,2,1,1,1,1
mipa/002_labeled.csv,no_vehicle,5,402,559310,1280,37.109,1,2,1,1,1,2
mipa/002_labeled.csv,no_vehicle,5,403,560590,1280,23.047,1,2,0,1,1,1
mipa/002_labeled.csv,no_vehicle,5,404,561870,1280,20.313,1,2,0,1,1,1
mipa/002_labeled.csv,no_vehicle,5,405,563150,1280,30.859,1,2,1,1,1,1
mipa/002_labeled.csv,no_vehicle,5,406,564430,1280,0.781,1,2,1,1,1,1
mipa/002_labeled.csv,two_wheel,5,407,565710,1280,45.703,1,2,1,1,1,2
mipa/002_labeled.csv,two_wheel,5,408,566990,1280,12.5,1,2,1,1,1,1
mipa/002_labeled.csv,no_vehicle,5,409,568270,1280,0.391,1,2,1,1,1,1
mipa/002_labeled.csv,no_vehicle,5,410,569550,1280,9.766,1,2,1,1,1,1
mipa/002_labeled.csv,no_vehicle,5,411,570830,1280,47.266,1,2,1,1,1,1
mipa/002_labeled.csv,two_wheel,5,412,572110,1280,7.813,1,2,1,1,1,1
mipa/002_labeled.csv,two_wheel,5,413,573390,1280,7.031,1,2,1,1,1,1
mipa/002_labeled.csv,no_vehicle,5,414,574670,1280,17.969,1,2,1,1,1,1
mipa/002_labeled.csv,no_vehicle,5,415,575950,1280,35.547,1,2,1,1,1,1
mipa/002_labeled.csv,no_vehicle,5,416,577230,1280,14.063,1,2,1,1,1,1
mipa/002_labeled.csv,no_vehicle,5,417,578510,1280,43.359,1,2,0,1,1,1
mipa/002_labeled.csv,no_vehicle,5,418,579790,1280,43.359,1,2,1,1,1,1
mipa/002_labeled.csv,no_vehicle,5,419,581070,1280,23.438,1,2,1,1,1,1
mipa/002_labeled.csv,no_vehicle,5,420,582350,1280,9.375,1,2,1,1,1,1
mipa/002_labeled.csv,two_wheel,5,421,583630,1280,30.469,1,2,1,1,1,1
mipa/002_labeled.csv,two_wheel,5,422,584910,1280,15.234,1,2,1,1,1,1
mipa/002_labeled.csv,two_wheel,5,423,586190,1280,35.938,1,2,0,1,1,1
mipa/002_labeled.csv,two_wheel,5,424,587470,1280,37.5,1,2,0,1,1,1
mipa/002_labeled.csv,two_wheel,5,425,588750,1280,35.938,1,2,1,1,1,1
mipa/002_labeled.csv,no_vehicle,5,426,590030,1280,2.734,1,2,1,1,1,1
mipa/002_labeled.csv,no_vehicle,5,427,591310,1280,10.938,1,2,0,1,1,1
mipa/002_labeled.csv,no_vehicle,5,428,592590,1280,16.406,1,2,1,1,1,1
mipa/002_labeled.csv,no_vehicle,5,429,593870,1280,26.953,1,2,1,1,1,1
mipa/002_labeled.csv,no_vehicle,5,430,595150,1280,29.688,1,2,1,1,1,1
mipa/002_labeled.csv,no_vehicle,5,431,596430,1280,35.547,1,2,0,1,1,1
mipa/002_labeled.csv,no_vehicle,5,432,597710,1280,11.719,1,2,1,1,1,1
mipa/002_labeled.csv,no_vehicle,5,433,598990,1280,5.078,1,2,1,1,1,1
mipa/002_labeled.csv,no_vehicle,5,434,600270,1280,12.109,1,2,1,1,1,1
mipa/002_labeled.csv,no_vehicle,5,435,601550,1280,13.672,1,2,1,1,1,1
mipa/002_labeled.csv,no_vehicle,5,436,602830,1280,38.672,1,2,1,1,1,1
mipa/002_labeled.csv,no_vehicle,5,437,604110,1280,28.906,1,2,0,1,1,1
mipa/002_labeled.csv,no_vehicle,5,438,605390,1280,25.0,1,2,0,1,1,1
mipa/002_labeled.csv,two_wheel,5,439,606670,1280,32.422,1,2,1,1,1,1
mipa/002_labeled.csv,two_wheel,5,440,607950,1280,33.203,1,2,1,1,1,1
mipa/002_labeled.csv,two_wheel,5,441,609230,1280,13.281,1,2,1,1,1,1
mipa/002_labeled.csv,no_vehicle,5,442,610510,1280,5.078,1,2,1,1,1,1
mipa/002_labeled.csv,no_vehicle,5,443,611790,1280,33.594,1,2,1,1,1,1
mipa/002_labeled.csv,four_wheel,5,444,613070,1280,20.313,1,2,1,1,1,1
mipa/002_labeled.csv,four_wheel,5,445,614350,1280,19.531,1,2,1,1,1,1
mipa/002_labeled.csv,four_wheel,5,446,615630,1280,21.094,1,2,1,1,1,1
mipa/002_labeled.csv,two_wheel,5,447,616910,1280,14.453,1,2,1,1,1,1
mipa/002_labeled.csv,two_wheel,5,448,618190,1280,14.844,1,2,1,1,1,1
mipa/002_labeled.csv,no_vehicle,5,449,619470,1280,23.438,1,2,1,1,1,1
mipa/002_labeled.csv,four_wheel,5,450,620750,1280,2.344,1,2,1,1,1,1
mipa/002_labeled.csv,four_wheel,5,451,622030,1280,5.859,1,2,1,1,1,1
mipa/002_labeled.csv,four_wheel,5,452,623310,1280,45.703,1,2,1,1,1,1
mipa/002_labeled.csv,no_vehicle,5,453,624590,1280,7.813,1,2,1,1,1,1
mipa/002_labeled.csv,no_vehicle,5,454,625870,1280,14.063,1,2,1,1,1,1
mipa/002_labeled.csv,no_vehicle,5,455,627150,1280,19.922,1,2,1,1,1,1
mipa/002_labeled.csv,no_vehicle,5,456,628430,1280,18.359,1,2,1,1,1,1
mipa/002_labeled.csv,no_vehicle,5,457,629710,1280,30.469,1,2,1,1,1,1
mipa/002_labeled.csv,no_vehicle,5,458,630990,1280,34.375,1,2,0,1,1,1
mipa/002_labeled.csv,no_vehicle,5,459,632270,1280,13.281,1,2,1,1,1,1
mipa/002_labeled.csv,no_vehicle,5,460,633550,1280,16.406,1,2,1,1,1,1
mipa/002_labeled.csv,no_vehicle,5,461,634830,1280,5.078,1,2,1,1,1,1
mipa/002_labeled.csv,no_vehicle,5,462,636110,1280,4.688,1,2,1,1,1,1
mipa/002_labeled.csv,no_vehicle,5,463,637390,1280,5.469,1,2,1,1,1,1
mipa/002_labeled.csv,no_vehicle,5,464,638670,1280,48.047,1,2,1,1,1,1
mipa/002_labeled.csv,no_vehicle,5,465,639950,1280,8.984,1,2,1,1,1,1
mipa/002_labeled.csv,two_wheel,5,466,641230,1280,16.406,1,2,1,1,1,1
mipa/002_labeled.csv,two_wheel,5,467,642510,1280,8.203,1,2,1,1,1,1
mipa/002_labeled.csv,two_wheel,5,468,643790,1280,39.844,1,2,1,1,1,1
mipa/002_labeled.csv,no_vehicle,5,469,645070,1280,21.094,1,2,1,1,1,1
mipa/002_labeled.csv,two_wheel,5,470,646350,1280,7.031,1,2,1,1,1,1
mipa/002_labeled.csv,two_wheel,5,471,647630,1280,4.688,1,2,1,1,1,1
mipa/002_labeled.csv,four_wheel,5,472,648910,1280,25.781,1,2,1,1,1,1
mipa/002_labeled.csv,four_wheel,5,473,650190,1280,11.719,1,2,1,1,1,1
mipa/002_labeled.csv,four_wheel,5,474,651470,1280,3.906,1,2,1,1,1,1
mipa/002_labeled.csv,no_vehicle,5,475,652750,1280,46.484,1,2,1,1,1,1
mipa/002_labeled.csv,no_vehicle,5,476,654030,1280,10.938,1,2,1,1,1,1
mipa/002_labeled.csv,no_vehicle,5,477,655310,1280,14.063,1,2,1,1,1,1
mipa/002_labeled.csv,no_vehicle,5,478,656590,1280,7.422,1,2,0,1,1,1
mipa/002_labeled.csv,no_vehicle,5,479,657870,1280,25.391,1,2,1,1,1,1
mipa/002_labeled.csv,four_wheel,5,480,659150,1280,1.953,1,2,1,1,1,1
mipa/002_labeled.csv,four_wheel,5,481,660430,1280,30.859,1,2,1,1,1,1
mipa/002_labeled.csv,four_wheel,5,482,661710,1280,42.188,1,2,1,1,1,1
mipa/002_labeled.csv,four_wheel,5,483,662990,1280,6.641,1,2,0,1,1,1
mipa/002_labeled.csv,four_wheel,5,484,664270,1280,18.359,1,2,1,1,1,1
mipa/002_labeled.csv,four_wheel,5,485,665550,1280,49.609,1,2,1,1,1,1
mipa/002_labeled.csv,four_wheel,5,486,666830,1280,16.016,1,2,1,1,1,1
mipa/002_labeled.csv,four_wheel,5,487,668110,1280,29.688,1,2,1,1,1,1
mipa/002_labeled.csv,no_vehicle,5,488,669390,1280,38.281,1,2,1,1,1,1
mipa/003_labeled.csv,two_wheel,5,1,18670,0,21.875,1,2,0,1,1,1
mipa/003_labeled.csv,no_vehicle,5,2,19950,1280,17.969,1,2,1,1,1,1
mipa/003_labeled.csv,no_vehicle,5,3,21230,1280,8.594,1,2,1,1,1,2
mipa/003_labeled.csv,two_wheel,5,4,22510,1280,3.516,1,2,1,1,1,1
mipa/003_labeled.csv,two_wheel,5,5,23790,1280,41.797,1,2,1,1,1,1
mipa/003_labeled.csv,two_wheel,5,6,25070,1280,7.422,1,2,1,1,1,1
mipa/003_labeled.csv,unknown,5,7,26350,1280,10.156,1,2,1,1,1,1
mipa/003_labeled.csv,unknown,5,8,27630,1280,2.344,1,2,1,1,1,1
mipa/003_labeled.csv,unknown,5,9,28910,1280,26.563,1,2,1,1,1,1
mipa/003_labeled.csv,two_wheel,5,10,30190,1280,16.797,1,2,1,1,1,1
mipa/003_labeled.csv,two_wheel,5,11,31470,1280,22.656,1,2,1,1,1,1
mipa/003_labeled.csv,two_wheel,5,12,32750,1280,2.344,1,2,1,1,1,1
mipa/003_labeled.csv,no_vehicle,5,13,34030,1280,36.719,1,2,1,1,1,1
mipa/003_labeled.csv,no_vehicle,5,14,35310,1280,13.281,1,2,1,1,1,1
mipa/003_labeled.csv,no_vehicle,5,15,36590,1280,13.281,1,2,1,1,1,1
mipa/003_labeled.csv,no_vehicle,5,16,37870,1280,18.359,1,2,1,1,1,1
mipa/003_labeled.csv,no_vehicle,5,17,39150,1280,8.594,1,2,1,1,1,1
mipa/003_labeled.csv,no_vehicle,5,18,40430,1280,10.156,1,2,1,1,1,2
mipa/003_labeled.csv,unknown,5,19,41710,1280,4.688,1,2,1,1,1,1
mipa/003_labeled.csv,unknown,5,20,42990,1280,17.578,1,2,1,1,1,1
mipa/003_labeled.csv,unknown,5,21,44270,1280,20.703,1,2,1,1,1,1
mipa/003_labeled.csv,unknown,5,22,45550,1280,18.75,1,2,1,1,1,1
mipa/003_labeled.csv,unknown,5,23,46830,1280,9.766,1,2,1,1,1,1
mipa/003_labeled.csv,unknown,5,24,48110,1280,34.766,1,2,0,1,1,1
mipa/003_labeled.csv,unknown,5,25,49390,1280,4.297,1,2,1,1,1,1
mipa/003_labeled.csv,unknown,5,26,50670,1280,3.516,1,2,1,1,1,1
mipa/003_labeled.csv,unknown,5,27,51950,1280,3.516,1,2,1,1,1,1
mipa/003_labeled.csv,no_vehicle,5,28,53230,1280,7.813,1,2,1,1,1,1
mipa/003_labeled.csv,no_vehicle,5,29,54510,1280,33.203,1,2,1,1,1,1
mipa/003_labeled.csv,no_vehicle,5,30,55790,1280,37.109,1,2,1,1,1,1
mipa/003_labeled.csv,no_vehicle,5,31,57070,1280,17.188,1,2,0,1,1,1
mipa/003_labeled.csv,no_vehicle,5,32,58350,1280,28.906,1,2,1,1,1,1
mipa/003_labeled.csv,no_vehicle,5,33,59630,1280,21.484,1,2,1,1,1,1
mipa/003_labeled.csv,no_vehicle,5,34,60910,1280,23.828,1,2,1,1,1,1
mipa/003_labeled.csv,no_vehicle,5,35,62190,1280,9.766,1,2,1,1,1,1
mipa/003_labeled.csv,no_vehicle,5,36,63470,1280,9.766,1,2,1,1,1,1
mipa/003_labeled.csv,no_vehicle,5,37,64750,1280,38.281,1,2,1,1,1,1
mipa/003_labeled.csv,two_wheel,5,38,66030,1280,26.563,1,2,1,1,1,1
mipa/003_labeled.csv,two_wheel,5,39,67310,1280,9.375,1,2,1,1,1,1
mipa/003_labeled.csv,two_wheel,5,40,68590,1280,11.328,1,2,1,1,1,1
mipa/003_labeled.csv,no_vehicle,5,41,69870,1280,16.016,1,2,1,1,1,1
mipa/003_labeled.csv,no_vehicle,5,42,71150,1280,10.938,1,2,1,1,1,2
mipa/003_labeled.csv,no_vehicle,5,43,72430,1280,8.984,1,2,0,1,1,1
mipa/003_labeled.csv,no_vehicle,5,44,73710,1280,8.594,1,2,1,1,1,1
mipa/003_labeled.csv,no_vehicle,5,45,74990,1280,11.328,1,2,1,1,1,1
mipa/003_labeled.csv,no_vehicle,5,46,76270,1280,44.922,1,2,1,1,1,1
mipa/003_labeled.csv,no_vehicle,5,47,77550,1280,18.359,1,2,1,1,1,1
mipa/003_labeled.csv,two_wheel,5,48,78830,1280,11.328,1,2,1,1,1,1
mipa/003_labeled.csv,two_wheel,5,49,80110,1280,9.375,1,2,1,1,1,1
mipa/003_labeled.csv,two_wheel,5,50,81390,1280,2.344,1,2,1,1,1,1
mipa/003_labeled.csv,two_wheel,5,51,82670,1280,26.563,1,2,1,1,1,1
mipa/003_labeled.csv,unknown,5,52,83950,1280,24.219,1,2,1,1,1,1
mipa/003_labeled.csv,unknown,5,53,85230,1280,18.359,1,2,1,1,1,1
mipa/003_labeled.csv,unknown,5,54,86510,1280,28.516,1,2,1,1,1,1
mipa/003_labeled.csv,two_wheel,5,55,87790,1280,33.594,1,2,1,1,1,2
mipa/003_labeled.csv,two_wheel,5,56,89070,1280,14.844,1,2,0,1,1,1
mipa/003_labeled.csv,two_wheel,5,57,90350,1280,28.516,1,2,1,1,1,1
mipa/003_labeled.csv,two_wheel,5,58,91630,1280,19.141,1,2,1,1,1,1
mipa/003_labeled.csv,unknown,5,59,92910,1280,36.719,1,2,1,1,1,1
mipa/003_labeled.csv,unknown,5,60,94190,1280,8.984,1,2,1,1,1,1
mipa/003_labeled.csv,unknown,5,61,95470,1280,7.031,1,2,1,1,1,1
mipa/003_labeled.csv,no_vehicle,5,62,96750,1280,16.406,1,2,1,1,1,1
mipa/003_labeled.csv,no_vehicle,5,63,98030,1280,31.641,1,2,1,1,1,1
mipa/003_labeled.csv,no_vehicle,5,64,99310,1280,5.078,1,2,1,1,1,1
mipa/003_labeled.csv,no_vehicle,5,65,100590,1280,19.531,1,3,1,1,1,2
mipa/003_labeled.csv,two_wheel,5,66,101870,1280,35.156,1,2,1,1,1,1
mipa/003_labeled.csv,two_wheel,5,67,103150,1280,0.781,1,2,1,1,1,1
mipa/003_labeled.csv,two_wheel,5,68,104430,1280,36.328,1,2,1,1,1,1
mipa/003_labeled.csv,two_wheel,5,69,105710,1280,37.109,1,2,1,1,1,1
mipa/003_labeled.csv,two_wheel,5,70,106990,1280,16.406,1,2,1,1,1,1
mipa/003_labeled.csv,no_vehicle,5,71,108270,1280,26.953,1,2,1,1,1,1
mipa/003_labeled.csv,no_vehicle,5,72,109550,1280,20.703,1,2,1,1,1,1
mipa/003_labeled.csv,no_vehicle,5,73,110830,1280,46.875,1,2,1,1,1,2
mipa/003_labeled.csv,two_wheel,5,74,112110,1280,14.844,1,2,1,1,1,1
mipa/003_labeled.csv,two_wheel,5,75,113390,1280,28.125,1,2,1,1,1,1
mipa/003_labeled.csv,two_wheel,5,76,114670,1280,45.313,1,2,1,1,1,1
mipa/003_labeled.csv,two_wheel,5,77,115950,1280,4.297,1,2,1,1,1,1
mipa/003_labeled.csv,two_wheel,5,78,117230,1280,14.844,1,2,1,1,1,1
mipa/003_labeled.csv,two_wheel,5,79,118510,1280,12.891,1,2,1,1,1,1
mipa/003_labeled.csv,unknown,5,80,119790,1280,31.25,1,2,1,1,1,1
mipa/003_labeled.csv,unknown,5,81,121070,1280,42.188,1,2,1,1,1,1
mipa/003_labeled.csv,unknown,5,82,122350,1280,44.141,1,2,1,1,1,1
mipa/003_labeled.csv,unknown,5,83,123630,1280,2.734,1,2,1,1,1,1
mipa/003_labeled.csv,two_wheel,5,84,124910,1280,10.938,1,2,1,1,1,1
mipa/003_labeled.csv,two_wheel,5,85,126190,1280,3.125,1,2,1,1,1,1
mipa/003_labeled.csv,two_wheel,5,86,127470,1280,1.563,1,2,1,1,1,1
mipa/003_labeled.csv,two_wheel,5,87,128750,1280,11.328,1,2,1,1,1,1
mipa/003_labeled.csv,no_vehicle,5,88,130030,1280,21.094,1,2,1,1,1,1
mipa/003_labeled.csv,no_vehicle,5,89,131310,1280,46.875,1,2,1,1,1,1
mipa/003_labeled.csv,no_vehicle,5,90,132590,1280,7.813,1,2,1,1,1,1
mipa/003_labeled.csv,no_vehicle,5,91,133870,1280,2.734,1,2,1,1,1,1
mipa/003_labeled.csv,no_vehicle,5,92,135150,1280,17.969,1,2,1,1,1,1
mipa/003_labeled.csv,no_vehicle,5,93,136430,1280,10.156,1,2,1,1,1,1
mipa/003_labeled.csv,no_vehicle,5,94,137710,1280,32.813,1,2,1,1,1,1
mipa/003_labeled.csv,no_vehicle,5,95,138990,1280,47.266,1,2,1,1,1,1
mipa/003_labeled.csv,no_vehicle,5,96,140270,1280,17.969,1,2,1,1,1,1
mipa/003_labeled.csv,no_vehicle,5,97,141550,1280,23.828,1,2,1,1,1,1
mipa/003_labeled.csv,no_vehicle,5,98,142830,1280,44.141,1,2,1,1,2,2
mipa/003_labeled.csv,no_vehicle,5,99,144110,1280,40.234,1,3,1,1,1,1
mipa/003_labeled.csv,two_wheel,5,100,145390,1280,25.391,1,3,1,1,1,2
mipa/003_labeled.csv,two_wheel,5,101,146670,1280,3.906,1,2,1,1,1,1
mipa/003_labeled.csv,two_wheel,5,102,147950,1280,14.844,1,2,1,1,1,1
mipa/003_labeled.csv,two_wheel,5,103,149230,1280,28.906,1,3,1,1,2,2
mipa/003_labeled.csv,no_vehicle,5,104,150510,1280,39.063,1,2,1,1,1,1
mipa/003_labeled.csv,no_vehicle,5,105,151790,1280,7.813,1,2,1,1,1,1
mipa/003_labeled.csv,no_vehicle,5,106,153070,1280,8.594,1,2,1,1,1,1
mipa/003_labeled.csv,no_vehicle,5,107,154350,1280,10.547,1,2,1,1,1,1
mipa/003_labeled.csv,no_vehicle,5,108,155630,1280,5.469,1,2,1,1,1,1
mipa/003_labeled.csv,two_wheel,5,109,156910,1280,0.781,1,2,1,1,1,1
mipa/003_labeled.csv,two_wheel,5,110,158190,1280,29.297,1,2,1,1,1,1
mipa/003_labeled.csv,two_wheel,5,111,159470,1280,15.234,1,2,1,1,1,1
mipa/003_labeled.csv,two_wheel,5,112,160750,1280,22.656,1,2,0,1,2,1
mipa/003_labeled.csv,no_vehicle,5,113,162030,1280,32.813,1,2,1,1,1,2
mipa/003_labeled.csv,no_vehicle,5,114,163310,1280,33.203,1,2,1,1,1,2
mipa/003_labeled.csv,no_vehicle,5,115,164590,1280,21.875,1,2,0,1,1,1
mipa/003_labeled.csv,no_vehicle,5,116,165870,1280,21.875,1,2,1,1,1,1
mipa/003_labeled.csv,no_vehicle,5,117,167150,1280,14.063,1,2,1,1,1,1
mipa/003_labeled.csv,no_vehicle,5,118,168430,1280,23.828,1,2,0,1,1,1
mipa/003_labeled.csv,no_vehicle,5,119,169710,1280,20.703,1,2,1,1,1,1
mipa/003_labeled.csv,no_vehicle,5,120,170990,1280,42.578,1,2,1,1,1,1
mipa/003_labeled.csv,no_vehicle,5,121,172270,1280,17.969,1,2,1,1,1,1
mipa/003_labeled.csv,two_wheel,5,122,173550,1280,0.781,1,2,1,1,1,1
mipa/003_labeled.csv,two_wheel,5,123,174830,1280,16.797,1,2,0,1,1,1
mipa/003_labeled.csv,two_wheel,5,124,176110,1280,9.375,1,2,0,1,1,1
mipa/003_labeled.csv,two_wheel,5,125,177390,1280,9.375,1,2,1,1,1,1
mipa/003_labeled.csv,two_wheel,5,126,178670,1280,2.344,1,2,1,1,1,1
mipa/003_labeled.csv,two_wheel,5,127,179950,1280,19.531,1,2,1,1,1,1
mipa/003_labeled.csv,two_wheel,5,128,181230,1280,26.172,1,2,1,1,1,1
mipa/003_labeled.csv,no_vehicle,5,129,182510,1280,19.922,1,2,1,1,1,1
mipa/003_labeled.csv,no_vehicle,5,130,183790,1280,33.594,1,2,1,1,1,1
mipa/003_labeled.csv,no_vehicle,5,131,185070,1280,7.813,1,2,0,1,1,1
mipa/003_labeled.csv,no_vehicle,5,132,186350,1280,33.203,1,2,1,1,1,1
mipa/003_labeled.csv,no_vehicle,5,133,187630,1280,5.078,1,2,1,1,1,1
mipa/003_labeled.csv,no_vehicle,5,134,188910,1280,11.719,1,2,1,1,1,1
mipa/003_labeled.csv,no_vehicle,5,135,190190,1280,31.641,1,2,1,1,1,1
mipa/003_labeled.csv,no_vehicle,5,136,191470,1280,21.875,1,2,1,1,1,1
mipa/003_labeled.csv,no_vehicle,5,137,192750,1280,37.5,1,2,1,1,1,2
mipa/003_labeled.csv,no_vehicle,5,138,194030,1280,6.641,1,2,1,1,1,1
mipa/003_labeled.csv,no_vehicle,5,139,195310,1280,23.828,1,2,1,1,1,1
mipa/003_labeled.csv,no_vehicle,5,140,196590,1280,8.594,1,2,0,1,1,1
mipa/003_labeled.csv,no_vehicle,5,141,197870,1280,32.031,1,2,1,1,1,1
mipa/003_labeled.csv,no_vehicle,5,142,199150,1280,11.328,1,2,1,1,1,1
mipa/003_labeled.csv,no_vehicle,5,143,200430,1280,48.438,1,2,1,1,1,2
mipa/003_labeled.csv,no_vehicle,5,144,201710,1280,28.516,1,2,1,1,1,1
mipa/003_labeled.csv,no_vehicle,5,145,202990,1280,30.469,1,2,1,1,1,1
mipa/003_labeled.csv,no_vehicle,5,146,204270,1280,7.813,1,2,1,1,1,2
mipa/003_labeled.csv,no_vehicle,5,147,205550,1280,23.047,1,2,1,1,1,1
mipa/003_labeled.csv,no_vehicle,5,148,206830,1280,8.203,1,2,1,1,1,1
mipa/003_labeled.csv,no_vehicle,5,149,208110,1280,19.141,1,2,1,1,1,1
mipa/003_labeled.csv,no_vehicle,5,150,209390,1280,7.813,1,2,0,1,1,1
mipa/003_labeled.csv,no_vehicle,5,151,210670,1280,31.641,1,2,1,1,1,1
mipa/003_labeled.csv,no_vehicle,5,152,211950,1280,12.891,1,2,1,1,1,1
mipa/003_labeled.csv,no_vehicle,5,153,213230,1280,4.688,1,2,1,1,1,1
mipa/003_labeled.csv,no_vehicle,5,154,214510,1280,3.125,1,2,1,1,1,1
mipa/003_labeled.csv,no_vehicle,5,155,215790,1280,9.766,1,2,1,1,1,1
mipa/003_labeled.csv,no_vehicle,5,156,217070,1280,37.891,1,2,1,1,1,1
mipa/003_labeled.csv,no_vehicle,5,157,218350,1280,17.969,1,2,1,1,1,1
mipa/003_labeled.csv,no_vehicle,5,158,219630,1280,1.172,1,2,1,1,1,1
mipa/003_labeled.csv,two_wheel,5,159,220910,1280,23.047,1,2,0,1,1,1
mipa/003_labeled.csv,two_wheel,5,160,222190,1280,43.75,1,2,1,1,1,2
mipa/003_labeled.csv,two_wheel,5,161,223470,1280,26.953,1,2,1,1,1,1
mipa/003_labeled.csv,no_vehicle,5,162,224750,1280,26.172,1,2,1,1,1,1
mipa/003_labeled.csv,no_vehicle,5,163,226030,1280,20.703,1,2,1,1,1,1
mipa/003_labeled.csv,no_vehicle,5,164,227310,1280,26.172,1,2,1,1,1,1
mipa/003_labeled.csv,no_vehicle,5,165,228590,1280,14.063,1,2,1,1,1,1
mipa/003_labeled.csv,no_vehicle,5,166,229870,1280,16.797,1,2,1,1,1,1
mipa/003_labeled.csv,no_vehicle,5,167,231150,1280,2.344,1,2,1,1,1,1
mipa/003_labeled.csv,no_vehicle,5,168,232430,1280,8.203,1,2,1,1,1,1
mipa/003_labeled.csv,no_vehicle,5,169,233710,1280,39.844,1,2,1,1,1,1
mipa/003_labeled.csv,no_vehicle,5,170,234990,1280,12.5,1,2,1,1,1,1
mipa/003_labeled.csv,no_vehicle,5,171,236270,1280,14.453,1,2,1,1,1,1
mipa/003_labeled.csv,no_vehicle,5,172,237550,1280,33.984,1,2,0,1,1,1
mipa/003_labeled.csv,no_vehicle,5,173,238830,1280,9.766,1,2,0,1,1,1
mipa/003_labeled.csv,no_vehicle,5,174,240110,1280,4.688,1,2,1,1,1,1
mipa/003_labeled.csv,no_vehicle,5,175,241390,1280,20.313,1,2,1,1,1,1
mipa/003_labeled.csv,no_vehicle,5,176,242670,1280,21.875,1,2,1,1,1,1
mipa/003_labeled.csv,no_vehicle,5,177,243950,1280,26.953,1,2,0,1,1,1
mipa/003_labeled.csv,two_wheel,5,178,245230,1280,1.172,1,2,1,1,1,1
mipa/003_labeled.csv,two_wheel,5,179,246510,1280,21.484,1,2,1,1,1,1
mipa/003_labeled.csv,two_wheel,5,181,249070,1280,12.891,1,2,1,1,1,1
mipa/003_labeled.csv,two_wheel,5,182,250350,1280,12.5,1,2,1,1,1,1
mipa/003_labeled.csv,two_wheel,5,183,251630,1280,15.234,1,2,1,1,1,1
mipa/003_labeled.csv,two_wheel,5,184,252910,1280,6.641,1,2,1,1,1,1
mipa/003_labeled.csv,no_vehicle,5,185,254190,1280,34.766,1,2,1,1,1,1
mipa/003_labeled.csv,no_vehicle,5,186,255470,1280,33.203,1,2,1,1,1,2
mipa/003_labeled.csv,no_vehicle,5,187,256750,1280,29.688,1,2,1,1,1,2
mipa/003_labeled.csv,two_wheel,5,188,258030,1280,18.75,1,2,1,1,1,1
mipa/003_labeled.csv,two_wheel,5,189,259310,1280,19.141,1,2,1,1,1,1
mipa/003_labeled.csv,two_wheel,5,190,260590,1280,41.016,1,2,1,1,1,1
mipa/003_labeled.csv,two_wheel,5,191,261870,1280,37.891,1,2,1,1,1,1
mipa/003_labeled.csv,two_wheel,5,192,263150,1280,2.344,1,2,1,1,1,1
mipa/003_labeled.csv,two_wheel,5,193,264430,1280,28.125,1,2,1,1,1,1
mipa/003_labeled.csv,no_vehicle,5,194,265710,1280,10.938,1,2,1,1,1,1
mipa/003_labeled.csv,no_vehicle,5,195,266990,1280,5.469,1,2,1,1,1,1
mipa/003_labeled.csv,no_vehicle,5,196,268270,1280,13.672,1,2,0,1,1,1
mipa/003_labeled.csv,no_vehicle,5,197,269550,1280,3.906,1,2,1,1,1,1
mipa/003_labeled.csv,no_vehicle,5,198,270830,1280,5.078,1,2,1,1,1,1
mipa/003_labeled.csv,no_vehicle,5,199,272110,1280,3.516,1,2,1,1,1,1
mipa/003_labeled.csv,no_vehicle,5,200,273390,1280,32.031,1,2,1,1,1,1
mipa/003_labeled.csv,no_vehicle,5,201,274670,1280,24.219,1,2,1,1,1,1
mipa/003_labeled.csv,no_vehicle,5,202,275950,1280,5.078,1,2,1,1,1,1
mipa/003_labeled.csv,no_vehicle,5,203,277230,1280,12.5,1,2,1,1,1,1
mipa/003_labeled.csv,no_vehicle,5,204,278510,1280,31.25,1,2,1,1,1,1
mipa/003_labeled.csv,no_vehicle,5,205,279790,1280,4.688,1,2,1,1,1,1
mipa/003_labeled.csv,no_vehicle,5,206,281070,1280,34.375,1,2,1,1,1,1
mipa/003_labeled.csv,no_vehicle,5,207,282350,1280,19.141,1,2,1,1,1,1
mipa/003_labeled.csv,no_vehicle,5,208,283630,1280,48.438,1,2,1,1,1,1
mipa/003_labeled.csv,four_wheel,5,209,284910,1280,14.844,1,2,1,1,1,1
mipa/003_labeled.csv,four_wheel,5,210,286190,1280,39.844,1,2,1,1,1,2
mipa/003_labeled.csv,four_wheel,5,211,287470,1280,2.344,1,2,1,1,1,1
mipa/003_labeled.csv,four_wheel,5,212,288750,1280,8.594,1,2,1,1,1,1
mipa/003_labeled.csv,no_vehicle,5,213,290030,1280,26.172,1,2,1,1,1,1
mipa/003_labeled.csv,no_vehicle,5,214,291310,1280,1.172,1,2,1,1,1,2
mipa/003_labeled.csv,no_vehicle,5,215,292590,1280,28.906,1,2,1,1,1,1
mipa/003_labeled.csv,no_vehicle,5,216,293870,1280,23.438,1,2,0,1,1,1
mipa/003_labeled.csv,no_vehicle,5,217,295150,1280,10.938,1,2,1,1,1,1
mipa/003_labeled.csv,no_vehicle,5,218,296430,1280,11.719,1,2,1,1,1,1
mipa/003_labeled.csv,no_vehicle,5,219,297710,1280,19.141,1,2,1,1,1,1
mipa/003_labeled.csv,two_wheel,5,220,298990,1280,39.063,1,2,1,1,1,1
mipa/003_labeled.csv,two_wheel,5,221,300270,1280,24.219,1,2,1,1,1,1
mipa/003_labeled.csv,two_wheel,5,222,301550,1280,39.063,1,2,1,1,1,1
mipa/003_labeled.csv,no_vehicle,5,223,302830,1280,3.125,1,2,1,1,1,1
mipa/003_labeled.csv,no_vehicle,5,224,304110,1280,23.047,1,2,1,1,1,1
mipa/003_labeled.csv,no_vehicle,5,225,305390,1280,21.094,1,2,1,1,1,1
mipa/003_labeled.csv,no_vehicle,5,226,306670,1280,23.828,1,2,1,1,1,1
mipa/003_labeled.csv,no_vehicle,5,227,307950,1280,36.328,1,2,1,1,1,1
mipa/003_labeled.csv,no_vehicle,5,228,309230,1280,25.0,1,2,1,1,1,1
mipa/003_labeled.csv,no_vehicle,5,229,310510,1280,6.641,1,2,1,1,1,1
mipa/003_labeled.csv,no_vehicle,5,230,311790,1280,42.578,1,2,1,1,1,1
mipa/003_labeled.csv,no_vehicle,5,231,313070,1280,4.688,1,2,1,1,1,1
mipa/003_labeled.csv,two_wheel,5,232,314350,1280,6.641,1,2,0,1,1,1
mipa/003_labeled.csv,two_wheel,5,233,315630,1280,21.094,1,2,1,1,1,1
mipa/003_labeled.csv,two_wheel,5,234,316910,1280,2.734,1,2,1,1,1,1
mipa/003_labeled.csv,no_vehicle,5,235,318190,1280,12.109,1,2,1,1,1,1
mipa/003_labeled.csv,no_vehicle,5,236,319470,1280,15.234,1,2,0,1,1,1
mipa/003_labeled.csv,two_wheel,5,237,320750,1280,26.563,1,2,1,1,1,1
mipa/003_labeled.csv,two_wheel,5,238,322030,1280,33.594,1,2,1,1,1,1
mipa/003_labeled.csv,two_wheel,5,239,323310,1280,6.641,1,2,1,1,1,1
mipa/003_labeled.csv,no_vehicle,5,240,324590,1280,28.516,1,2,1,1,1,1
mipa/003_labeled.csv,no_vehicle,5,241,325870,1280,23.828,1,2,1,1,1,1
mipa/003_labeled.csv,no_vehicle,5,242,327150,1280,20.703,1,2,1,1,1,1
mipa/003_labeled.csv,no_vehicle,5,243,328430,1280,14.453,1,2,0,1,1,1
mipa/003_labeled.csv,no_vehicle,5,244,329710,1280,33.594,1,2,1,1,1,1
mipa/003_labeled.csv,no_vehicle,5,245,330990,1280,23.828,1,2,1,1,1,1
mipa/003_labeled.csv,two_wheel,5,246,332270,1280,9.375,1,2,1,1,1,1
mipa/003_labeled.csv,two_wheel,5,247,333550,1280,17.188,1,2,1,1,1,1
mipa/003_labeled.csv,two_wheel,5,248,334830,1280,36.719,1,2,0,1,1,1
mipa/003_labeled.csv,two_wheel,5,249,336110,1280,11.719,1,2,1,1,1,1
mipa/003_labeled.csv,two_wheel,5,250,337390,1280,6.25,1,2,1,1,1,1
mipa/003_labeled.csv,no_vehicle,5,251,338670,1280,47.266,1,2,1,1,1,2
mipa/003_labeled.csv,no_vehicle,5,252,339950,1280,15.234,1,2,1,1,1,1
mipa/003_labeled.csv,no_vehicle,5,253,341230,1280,15.234,1,2,1,1,1,1
mipa/003_labeled.csv,no_vehicle,5,254,342510,1280,10.547,1,2,1,1,1,1
mipa/003_labeled.csv,no_vehicle,5,255,343790,1280,28.125,1,2,1,1,1,1
mipa/003_labeled.csv,four_wheel,5,256,345070,1280,20.703,1,2,1,1,1,1
mipa/003_labeled.csv,four_wheel,5,257,346350,1280,25.391,1,2,1,1,1,1
mipa/003_labeled.csv,four_wheel,5,258,347630,1280,39.453,1,2,1,1,1,1
mipa/003_labeled.csv,no_vehicle,5,259,348910,1280,6.641,1,2,0,1,1,1
mipa/003_labeled.csv,no_vehicle,5,260,350190,1280,7.813,1,2,1,1,1,1
mipa/003_labeled.csv,no_vehicle,5,261,351470,1280,7.813,1,2,1,1,1,1
mipa/003_labeled.csv,no_vehicle,5,262,352750,1280,0.781,1,2,1,1,1,1
mipa/003_labeled.csv,no_vehicle,5,263,354030,1280,1.172,1,2,1,1,1,1
mipa/003_labeled.csv,no_vehicle,5,264,355310,1280,5.859,1,2,1,1,1,2
mipa/003_labeled.csv,no_vehicle,5,265,356590,1280,26.563,1,2,1,1,2,1
mipa/003_labeled.csv,no_vehicle,5,266,357870,1280,2.734,1,2,1,1,1,1
mipa/003_labeled.csv,no_vehicle,5,267,359150,1280,22.266,1,2,1,1,1,1
mipa/003_labeled.csv,no_vehicle,5,268,360430,1280,28.125,1,2,1,1,1,1
mipa/003_labeled.csv,no_vehicle,5,269,361710,1280,9.766,1,2,1,1,1,1
mipa/003_labeled.csv,no_vehicle,5,270,362990,1280,13.672,1,2,1,1,1,1
mipa/003_labeled.csv,no_vehicle,5,271,364270,1280,33.984,1,2,1,1,1,1
mipa/003_labeled.csv,no_vehicle,5,272,365550,1280,9.375,1,2,1,1,1,1
mipa/003_labeled.csv,no_vehicle,5,273,366830,1280,1.172,1,2,1,1,1,1
mipa/003_labeled.csv,no_vehicle,5,274,368110,1280,7.813,1,2,1,1,1,1
mipa/003_labeled.csv,two_wheel,5,275,369390,1280,23.047,1,2,1,1,1,1
mipa/003_labeled.csv,two_wheel,5,276,370670,1280,2.734,1,2,1,1,1,1
mipa/003_labeled.csv,two_wheel,5,277,371950,1280,3.516,1,2,1,1,1,1
mipa/003_labeled.csv,no_vehicle,5,278,373230,1280,3.125,1,2,1,1,1,1
mipa/003_labeled.csv,no_vehicle,5,279,374510,1280,43.359,1,2,0,1,1,1
mipa/003_labeled.csv,no_vehicle,5,280,375790,1280,32.813,1,2,1,1,2,2
mipa/003_labeled.csv,no_vehicle,5,281,377070,1280,32.813,1,2,1,1,1,1
mipa/003_labeled.csv,no_vehicle,5,282,378350,1280,32.422,1,2,1,1,1,1
mipa/003_labeled.csv,four_wheel,5,283,379630,1280,8.984,1,2,1,1,1,1
mipa/003_labeled.csv,four_wheel,5,284,380910,1280,35.547,1,2,1,1,1,1
mipa/003_labeled.csv,four_wheel,5,285,382190,1280,21.094,1,2,1,1,1,1
mipa/003_labeled.csv,two_wheel,5,286,383470,1280,2.734,1,2,1,1,1,1
mipa/003_labeled.csv,two_wheel,5,287,384750,1280,41.797,1,2,1,1,1,1
mipa/003_labeled.csv,no_vehicle,5,288,386030,1280,6.25,1,2,1,1,1,1
mipa/003_labeled.csv,no_vehicle,5,289,387310,1280,8.594,1,2,1,1,1,1
mipa/003_labeled.csv,no_vehicle,5,290,388590,1280,37.891,1,2,1,1,1,1
mipa/003_labeled.csv,no_vehicle,5,291,389870,1280,8.984,1,2,0,1,1,1
mipa/003_labeled.csv,no_vehicle,5,292,391150,1280,28.516,1,2,1,1,1,1
mipa/003_labeled.csv,no_vehicle,5,293,392430,1280,14.453,1,2,1,1,1,1
mipa/003_labeled.csv,two_wheel,5,294,393710,1280,12.891,1,2,1,1,1,1
mipa/003_labeled.csv,two_wheel,5,295,394990,1280,16.797,1,2,1,1,1,1
mipa/003_labeled.csv,two_wheel,5,296,396270,1280,46.875,1,2,1,1,1,1
mipa/003_labeled.csv,two_wheel,5,297,397550,1280,31.641,1,2,1,1,1,1
mipa/003_labeled.csv,no_vehicle,5,298,398830,1280,30.469,1,2,1,1,1,1
mipa/003_labeled.csv,no_vehicle,5,299,400110,1280,40.625,1,2,1,1,1,1
mipa/003_labeled.csv,no_vehicle,5,300,401390,1280,48.828,1,2,0,1,1,1
mipa/003_labeled.csv,two_wheel,5,301,402670,1280,7.031,1,2,0,1,1,1
mipa/003_labeled.csv,two_wheel,5,302,403950,1280,41.797,1,2,1,1,1,1
mipa/003_labeled.csv,two_wheel,5,303,405230,1280,30.469,1,2,1,1,1,1
mipa/003_labeled.csv,two_wheel,5,304,406510,1280,26.172,1,2,1,1,1,1
mipa/003_labeled.csv,no_vehicle,5,305,407790,1280,8.984,1,2,1,1,1,1
mipa/003_labeled.csv,no_vehicle,5,306,409070,1280,21.875,1,2,0,1,1,1
mipa/003_labeled.csv,no_vehicle,5,307,410350,1280,21.875,1,2,1,1,1,1
mipa/003_labeled.csv,no_vehicle,5,308,411630,1280,13.281,1,2,1,1,1,1
mipa/003_labeled.csv,no_vehicle,5,309,412910,1280,41.016,1,2,1,1,1,2
mipa/003_labeled.csv,no_vehicle,5,310,414190,1280,27.734,1,2,1,1,1,1
mipa/003_labeled.csv,two_wheel,5,311,415470,1280,3.906,1,2,1,1,1,1
mipa/003_labeled.csv,two_wheel,5,312,416750,1280,3.125,1,2,1,1,1,1
mipa/003_labeled.csv,two_wheel,5,313,418030,1280,25.391,1,2,1,1,1,1
mipa/003_labeled.csv,two_wheel,5,314,419310,1280,15.625,1,2,1,1,1,1
mipa/003_labeled.csv,no_vehicle,5,315,420590,1280,27.344,1,2,1,1,1,1
mipa/003_labeled.csv,no_vehicle,5,316,421870,1280,35.547,1,2,0,1,1,1
mipa/003_labeled.csv,no_vehicle,5,317,423150,1280,2.344,1,2,1,1,1,1
mipa/003_labeled.csv,no_vehicle,5,318,424430,1280,14.453,1,2,0,1,1,1
mipa/003_labeled.csv,no_vehicle,5,319,425710,1280,5.859,1,2,1,1,1,1
mipa/003_labeled.csv,no_vehicle,5,320,426990,1280,42.578,1,2,1,1,1,1
mipa/003_labeled.csv,no_vehicle,5,321,428270,1280,35.938,1,2,1,1,1,2
mipa/003_labeled.csv,no_vehicle,5,322,429550,1280,16.406,1,2,1,1,1,1
mipa/003_labeled.csv,no_vehicle,5,323,430830,1280,39.063,1,2,1,1,1,1
mipa/003_labeled.csv,no_vehicle,5,324,432110,1280,26.953,1,2,1,1,1,1
mipa/003_labeled.csv,no_vehicle,5,325,433390,1280,6.641,1,2,1,1,1,1
mipa/003_labeled.csv,no_vehicle,5,326,434670,1280,10.547,1,2,1,1,1,1
mipa/003_labeled.csv,no_vehicle,5,327,435950,1280,22.266,1,2,1,1,1,1
mipa/003_labeled.csv,no_vehicle,5,328,437230,1280,25.391,1,2,1,1,1,1
mipa/003_labeled.csv,no_vehicle,5,329,438510,1280,16.406,1,2,1,1,1,1
mipa/003_labeled.csv,no_vehicle,5,330,439790,1280,35.156,1,2,1,1,1,2
mipa/003_labeled.csv,two_wheel,5,331,441070,1280,12.109,1,2,1,1,1,1
mipa/003_labeled.csv,two_wheel,5,332,442350,1280,10.938,1,2,1,1,1,1
mipa/003_labeled.csv,two_wheel,5,333,443630,1280,34.766,1,2,1,1,1,1
mipa/003_labeled.csv,two_wheel,5,334,444910,1280,10.938,1,2,0,1,1,1
mipa/003_labeled.csv,two_wheel,5,335,446190,1280,22.656,1,2,1,1,1,1
mipa/003_labeled.csv,no_vehicle,5,336,447470,1280,20.313,1,2,1,1,1,1
mipa/003_labeled.csv,no_vehicle,5,337,448750,1280,38.281,1,2,0,1,1,1
mipa/003_labeled.csv,no_vehicle,5,338,450030,1280,38.281,1,2,1,1,1,1
mipa/003_labeled.csv,no_vehicle,5,339,451310,1280,23.828,1,2,1,1,1,1
mipa/003_labeled.csv,no_vehicle,5,340,452590,1280,27.344,1,2,1,1,1,1
mipa/003_labeled.csv,unknown,5,341,453870,1280,35.156,1,2,1,1,1,1
mipa/003_labeled.csv,unknown,5,342,455150,1280,10.547,1,2,1,1,1,2
mipa/003_labeled.csv,unknown,5,343,456430,1280,6.641,1,2,1,1,1,1
mipa/003_labeled.csv,unknown,5,344,457710,1280,10.547,1,2,1,1,1,1
mipa/003_labeled.csv,unknown,5,345,458990,1280,25.391,1,2,1,1,1,1
mipa/003_labeled.csv,no_vehicle,5,346,460270,1280,24.219,1,3,1,2,2,2
mipa/003_labeled.csv,no_vehicle,5,347,461550,1280,33.203,1,2,1,1,1,1
mipa/003_labeled.csv,no_vehicle,5,348,462830,1280,37.5,1,2,0,1,1,1
mipa/003_labeled.csv,no_vehicle,5,349,464110,1280,18.359,1,2,1,1,1,1
mipa/003_labeled.csv,no_vehicle,5,350,465390,1280,21.094,1,2,0,1,1,1
mipa/003_labeled.csv,no_vehicle,5,351,466670,1280,0.391,1,2,1,1,1,1
mipa/003_labeled.csv,no_vehicle,5,352,467950,1280,14.063,1,2,1,1,1,1
mipa/003_labeled.csv,no_vehicle,5,353,469230,1280,0.781,1,2,1,1,1,1
mipa/003_labeled.csv,no_vehicle,5,354,470510,1280,20.703,1,2,1,1,1,1
mipa/003_labeled.csv,two_wheel,5,355,471790,1280,36.328,1,2,1,1,1,1
mipa/003_labeled.csv,two_wheel,5,356,473070,1280,3.125,1,2,1,1,1,1
mipa/003_labeled.csv,two_wheel,5,357,474350,1280,7.813,1,2,1,1,1,1
mipa/003_labeled.csv,two_wheel,5,358,475630,1280,1.563,1,2,1,1,1,1
mipa/003_labeled.csv,two_wheel,5,359,476910,1280,17.578,1,2,1,1,1,1
mipa/003_labeled.csv,two_wheel,5,360,478190,1280,5.078,1,2,1,1,1,1
mipa/003_labeled.csv,two_wheel,5,361,479470,1280,48.828,1,2,1,1,1,1
mipa/003_labeled.csv,no_vehicle,5,362,480750,1280,21.875,1,2,1,1,2,1
mipa/003_labeled.csv,no_vehicle,5,363,482030,1280,2.344,1,2,1,1,1,1
mipa/003_labeled.csv,no_vehicle,5,364,483310,1280,47.656,1,2,1,1,1,1
mipa/003_labeled.csv,no_vehicle,5,365,484590,1280,16.797,1,2,1,1,1,1
mipa/003_labeled.csv,no_vehicle,5,366,485870,1280,0.391,1,2,1,1,1,1
mipa/003_labeled.csv,no_vehicle,5,367,487150,1280,19.922,1,2,1,1,1,1
mipa/003_labeled.csv,no_vehicle,5,368,488430,1280,2.344,1,2,1,1,1,1
mipa/003_labeled.csv,no_vehicle,5,369,489710,1280,32.422,1,2,1,1,1,1
mipa/003_labeled.csv,no_vehicle,5,370,490990,1280,6.25,1,2,1,1,1,1
mipa/003_labeled.csv,no_vehicle,5,371,492270,1280,36.719,1,2,1,1,1,1
mipa/003_labeled.csv,no_vehicle,5,372,493550,1280,9.766,1,2,1,1,1,1
mipa/003_labeled.csv,no_vehicle,5,373,494830,1280,14.063,1,2,0,1,1,1
mipa/003_labeled.csv,no_vehicle,5,374,496110,1280,15.234,1,2,1,1,1,2
mipa/003_labeled.csv,no_vehicle,5,375,497390,1280,12.109,1,2,1,1,1,1
mipa/003_labeled.csv,no_vehicle,5,376,498670,1280,8.984,1,2,1,1,1,1
mipa/003_labeled.csv,no_vehicle,5,377,499950,1280,34.375,1,2,1,1,1,1
mipa/003_labeled.csv,no_vehicle,5,378,501230,1280,10.547,1,2,0,1,1,1
mipa/003_labeled.csv,no_vehicle,5,379,502510,1280,40.625,1,2,1,1,1,1
mipa/003_labeled.csv,no_vehicle,5,380,503790,1280,38.281,1,2,1,1,1,1
mipa/003_labeled.csv,no_vehicle,5,381,505070,1280,37.891,1,2,1,1,1,1
mipa/003_labeled.csv,no_vehicle,5,382,506350,1280,37.891,1,2,1,1,1,1
mipa/003_labeled.csv,no_vehicle,5,383,507630,1280,8.203,1,2,1,1,1,1
mipa/003_labeled.csv,no_vehicle,5,384,508910,1280,28.125,1,2,1,1,1,1
mipa/003_labeled.csv,no_vehicle,5,385,510190,1280,5.859,1,2,1,1,1,1
mipa/003_labeled.csv,no_vehicle,5,386,511470,1280,35.547,1,2,1,1,1,1
mipa/003_labeled.csv,no_vehicle,5,387,512750,1280,21.484,1,2,1,1,1,1
mipa/003_labeled.csv,no_vehicle,5,388,514030,1280,43.359,1,2,0,1,1,1
mipa/003_labeled.csv,no_vehicle,5,389,515310,1280,5.078,1,2,1,1,1,1
mipa/003_labeled.csv,no_vehicle,5,390,516590,1280,16.016,1,2,1,1,1,1
mipa/003_labeled.csv,no_vehicle,5,391,517870,1280,2.734,1,2,1,1,1,1
mipa/003_labeled.csv,no_vehicle,5,392,519150,1280,43.75,1,2,1,1,1,1
mipa/003_labeled.csv,no_vehicle,5,393,520430,1280,7.422,1,2,1,1,1,1
mipa/003_labeled.csv,no_vehicle,5,394,521710,1280,5.078,1,2,1,1,1,1
mipa/003_labeled.csv,no_vehicle,5,395,522990,1280,18.75,1,2,1,1,1,1
mipa/003_labeled.csv,no_vehicle,5,396,524270,1280,8.984,1,2,1,1,1,1
mipa/003_labeled.csv,no_vehicle,5,397,525550,1280,4.297,1,2,1,1,1,1
mipa/003_labeled.csv,no_vehicle,5,398,526830,1280,7.031,1,2,1,1,1,1
mipa/003_labeled.csv,no_vehicle,5,399,528110,1280,7.813,1,2,1,1,1,1
mipa/003_labeled.csv,no_vehicle,5,400,529390,1280,24.609,1,2,1,1,1,1
mipa/003_labeled.csv,no_vehicle,5,401,530670,1280,14.453,1,2,1,1,1,1
mipa/003_labeled.csv,two_wheel,5,402,531950,1280,46.484,1,2,1,1,1,1
mipa/003_labeled.csv,two_wheel,5,403,533230,1280,0.781,1,2,1,1,1,1
mipa/003_labeled.csv,two_wheel,5,404,534510,1280,7.031,1,2,1,1,1,1
mipa/003_labeled.csv,no_vehicle,5,405,535790,1280,14.453,1,2,1,1,1,1
mipa/003_labeled.csv,no_vehicle,5,406,537070,1280,26.953,1,2,1,1,2,1
mipa/003_labeled.csv,no_vehicle,5,407,538350,1280,26.563,1,2,1,1,1,1
mipa/003_labeled.csv,unknown,5,408,539630,1280,37.109,1,2,1,1,1,1
mipa/003_labeled.csv,unknown,5,409,540910,1280,48.828,1,2,1,1,1,1
mipa/003_labeled.csv,unknown,5,410,542190,1280,29.297,1,2,1,1,1,1
mipa/003_labeled.csv,unknown,5,411,543470,1280,5.078,1,2,1,1,1,1
mipa/003_labeled.csv,unknown,5,412,544750,1280,12.891,1,2,1,1,1,1
mipa/003_labeled.csv,no_vehicle,5,413,546030,1280,14.063,1,2,1,1,1,1
mipa/003_labeled.csv,no_vehicle,5,414,547310,1280,14.453,1,2,1,1,1,1
mipa/003_labeled.csv,no_vehicle,5,415,548590,1280,10.156,1,2,1,1,1,1
mipa/003_labeled.csv,no_vehicle,5,416,549870,1280,48.828,1,2,0,1,1,1
mipa/003_labeled.csv,no_vehicle,5,417,551150,1280,26.563,1,2,1,1,1,1
mipa/003_labeled.csv,no_vehicle,5,418,552430,1280,2.344,1,2,1,1,1,1
mipa/003_labeled.csv,no_vehicle,5,419,553710,1280,12.5,1,2,1,1,1,1
mipa/003_labeled.csv,no_vehicle,5,420,554990,1280,3.125,1,2,1,1,1,1
mipa/003_labeled.csv,no_vehicle,5,421,556270,1280,26.953,1,2,1,1,1,1
mipa/003_labeled.csv,no_vehicle,5,422,557550,1280,15.625,1,2,1,1,1,1
mipa/003_labeled.csv,no_vehicle,5,423,558830,1280,19.141,1,2,1,1,1,2
mipa/003_labeled.csv,no_vehicle,5,424,560110,1280,6.25,1,2,1,1,1,1
mipa/003_labeled.csv,no_vehicle,5,425,561390,1280,14.453,1,2,1,1,1,1
mipa/003_labeled.csv,no_vehicle,5,426,562670,1280,2.344,1,2,1,1,1,1
mipa/003_labeled.csv,no_vehicle,5,427,563950,1280,28.125,1,2,1,1,1,1
mipa/003_labeled.csv,no_vehicle,5,428,565230,1280,5.859,1,2,0,1,1,1
mipa/003_labeled.csv,no_vehicle,5,429,566510,1280,30.469,1,2,1,1,1,1
mipa/003_labeled.csv,no_vehicle,5,430,567790,1280,25.0,1,2,1,1,1,1
mipa/003_labeled.csv,no_vehicle,5,431,569070,1280,4.688,1,2,1,1,1,1
mipa/003_labeled.csv,no_vehicle,5,432,570350,1280,28.125,1,2,1,1,1,1
mipa/003_labeled.csv,no_vehicle,5,433,571630,1280,46.094,1,2,1,1,1,1
mipa/003_labeled.csv,no_vehicle,5,434,572910,1280,7.813,1,2,1,1,1,1
mipa/003_labeled.csv,no_vehicle,5,435,574190,1280,27.734,1,2,1,1,1,1
mipa/003_labeled.csv,no_vehicle,5,436,575470,1280,3.516,1,2,1,1,1,1
mipa/003_labeled.csv,no_vehicle,5,437,576750,1280,17.188,1,2,1,1,1,1
mipa/003_labeled.csv,no_vehicle,5,438,578030,1280,5.469,1,2,1,1,1,1
mipa/003_labeled.csv,no_vehicle,5,439,579310,1280,16.797,1,2,1,1,1,1
mipa/003_labeled.csv,no_vehicle,5,440,580590,1280,14.453,1,2,1,1,1,1
mipa/003_labeled.csv,no_vehicle,5,441,581870,1280,24.219,1,2,1,1,1,1
mipa/003_labeled.csv,no_vehicle,5,442,583150,1280,41.016,1,2,1,1,1,1
mipa/003_labeled.csv,no_vehicle,5,443,584430,1280,16.406,1,2,1,1,1,1
mipa/003_labeled.csv,no_vehicle,5,444,585710,1280,12.5,1,2,1,1,1,1
mipa/003_labeled.csv,no_vehicle,5,445,586990,1280,12.109,1,2,1,1,1,1
mipa/003_labeled.csv,no_vehicle,5,446,588270,1280,0.781,1,2,1,1,1,1
mipa/003_labeled.csv,no_vehicle,5,447,589550,1280,28.125,1,2,1,1,1,1
mipa/003_labeled.csv,no_vehicle,5,448,590830,1280,9.766,1,2,1,1,1,1
mipa/003_labeled.csv,no_vehicle,5,449,592110,1280,27.344,1,2,1,1,1,1
mipa/003_labeled.csv,no_vehicle,5,450,593390,1280,1.172,1,2,1,1,1,1
mipa/003_labeled.csv,no_vehicle,5,451,594670,1280,6.641,1,2,1,1,1,1
mipa/003_labeled.csv,no_vehicle,5,452,595950,1280,18.75,1,2,1,1,1,1
mipa/003_labeled.csv,no_vehicle,5,453,597230,1280,10.547,1,2,1,1,1,1
mipa/003_labeled.csv,no_vehicle,5,454,598510,1280,35.938,1,2,1,1,1,1
mipa/003_labeled.csv,no_vehicle,5,455,599790,1280,21.875,1,2,1,1,1,1
mipa/003_labeled.csv,no_vehicle,5,456,601070,1280,10.547,1,2,1,1,1,1
mipa/003_labeled.csv,no_vehicle,5,457,602350,1280,2.344,1,2,1,1,1,1
mipa/003_labeled.csv,no_vehicle,5,458,603630,1280,18.75,1,2,1,1,1,1
mipa/003_labeled.csv,no_vehicle,5,459,604910,1280,20.313,1,2,1,1,1,1
mipa/003_labeled.csv,no_vehicle,5,460,606190,1280,42.188,1,2,1,1,1,1
mipa/003_labeled.csv,no_vehicle,5,461,607470,1280,15.625,1,2,1,1,1,1
mipa/003_labeled.csv,no_vehicle,5,462,608750,1280,32.031,1,2,1,1,1,1
mipa/003_labeled.csv,no_vehicle,5,463,610030,1280,24.219,1,2,1,1,1,1
mipa/003_labeled.csv,no_vehicle,5,464,611310,1280,11.719,1,2,1,1,1,1
mipa/003_labeled.csv,no_vehicle,5,465,612590,1280,6.25,1,2,1,1,1,1
mipa/003_labeled.csv,no_vehicle,5,466,613870,1280,9.766,1,2,0,1,1,1
mipa/003_labeled.csv,no_vehicle,5,467,615150,1280,19.141,1,2,1,1,1,1
mipa/003_labeled.csv,no_vehicle,5,468,616430,1280,14.453,1,2,1,1,1,1
mipa/003_labeled.csv,no_vehicle,5,469,617710,1280,10.938,1,2,1,1,1,1
mipa/003_labeled.csv,no_vehicle,5,470,618990,1280,2.734,1,2,1,1,1,2
mipa/003_labeled.csv,no_vehicle,5,471,620270,1280,16.016,1,2,1,1,1,1
mipa/003_labeled.csv,no_vehicle,5,472,621550,1280,12.109,1,2,1,1,1,1
mipa/003_labeled.csv,no_vehicle,5,473,622830,1280,34.766,1,2,1,1,1,1
mipa/003_labeled.csv,no_vehicle,5,474,624110,1280,23.438,1,2,1,1,1,1
mipa/003_labeled.csv,no_vehicle,5,475,625390,1280,45.313,1,2,1,1,1,1
mipa/003_labeled.csv,no_vehicle,5,476,626670,1280,0.781,1,2,1,1,1,1
mipa/003_labeled.csv,no_vehicle,5,477,627950,1280,5.078,1,2,1,1,1,1
mipa/003_labeled.csv,no_vehicle,5,478,629230,1280,6.25,1,2,1,1,1,1
mipa/003_labeled.csv,no_vehicle,5,479,630510,1280,47.266,1,2,1,1,1,1
mipa/003_labeled.csv,no_vehicle,5,480,631790,1280,48.828,1,2,1,1,1,1
mipa/003_labeled.csv,no_vehicle,5,481,633070,1280,43.75,1,2,1,1,1,1
mipa/003_labeled.csv,no_vehicle,5,482,634350,1280,35.938,1,2,1,1,1,2
mipa/003_labeled.csv,no_vehicle,5,483,635630,1280,13.672,1,2,1,1,1,2
mipa/003_labeled.csv,no_vehicle,5,484,636910,1280,25.0,1,2,1,1,1,1
mipa/003_labeled.csv,no_vehicle,5,485,638190,1280,1.172,1,2,1,1,1,1
mipa/003_labeled.csv,no_vehicle,5,486,639470,1280,7.031,1,2,1,1,1,1
mipa/003_labeled.csv,no_vehicle,5,487,640750,1280,15.625,1,2,1,1,1,1
mipa/003_labeled.csv,no_vehicle,5,488,642030,1280,22.656,1,2,1,1,1,1
mipa/003_labeled.csv,no_vehicle,5,489,643310,1280,46.875,1,2,0,1,1,1
mipa/003_labeled.csv,no_vehicle,5,490,644590,1280,19.141,1,2,1,1,1,1
mipa/003_labeled.csv,no_vehicle,5,491,645870,1280,21.875,1,2,0,1,1,1
mipa/003_labeled.csv,no_vehicle,5,492,647150,1280,24.609,1,2,0,1,2,1
mipa/003_labeled.csv,no_vehicle,5,493,648430,1280,38.281,1,2,1,1,1,1
mipa/003_labeled.csv,no_vehicle,5,494,649710,1280,14.453,1,2,1,1,1,1
mipa/003_labeled.csv,no_vehicle,5,495,650990,1280,14.453,1,2,1,1,1,1
mipa/003_labeled.csv,no_vehicle,5,496,652270,1280,19.531,1,2,1,1,1,1
mipa/003_labeled.csv,no_vehicle,5,497,653550,1280,30.078,1,2,1,1,1,1
mipa/003_labeled.csv,no_vehicle,5,498,654830,1280,17.188,1,2,1,1,1,1
mipa/003_labeled.csv,no_vehicle,5,499,656110,1280,27.344,1,2,0,1,1,1
mipa/003_labeled.csv,no_vehicle,5,500,657390,1280,5.078,1,2,1,1,1,1
mipa/003_labeled.csv,no_vehicle,5,501,658670,1280,10.547,1,2,1,1,1,1
teknik/002_labeled.csv,no_vehicle,5,1,27080,0,49.219,1,2,1,1,1,1
teknik/002_labeled.csv,no_vehicle,5,2,28350,1270,16.406,1,2,1,1,1,1
teknik/002_labeled.csv,no_vehicle,5,3,29630,1280,19.531,1,2,1,1,1,1
teknik/002_labeled.csv,no_vehicle,5,4,30910,1280,21.094,1,2,0,1,1,1
teknik/002_labeled.csv,no_vehicle,5,5,32190,1280,6.641,1,2,1,1,1,1
teknik/002_labeled.csv,no_vehicle,5,6,33470,1280,26.563,1,2,1,1,1,1
teknik/002_labeled.csv,no_vehicle,5,7,34750,1280,1.953,1,2,1,1,1,1
teknik/002_labeled.csv,no_vehicle,5,8,36030,1280,3.125,1,2,1,1,1,1
teknik/002_labeled.csv,no_vehicle,5,9,37310,1280,3.516,1,2,1,1,1,1
teknik/002_labeled.csv,no_vehicle,5,10,38590,1280,19.141,1,2,1,1,1,1
teknik/002_labeled.csv,no_vehicle,5,11,39870,1280,6.641,1,2,1,1,1,1
teknik/002_labeled.csv,no_vehicle,5,12,41150,1280,9.375,1,2,1,1,1,1
teknik/002_labeled.csv,no_vehicle,5,13,42430,1280,27.344,1,2,1,1,1,1
teknik/002_labeled.csv,two_wheel,5,14,43710,1280,5.078,1,2,1,1,1,1
teknik/002_labeled.csv,two_wheel,5,15,44990,1280,25.781,1,2,1,1,1,1
teknik/002_labeled.csv,two_wheel,5,16,46270,1280,12.5,1,2,0,1,1,1
teknik/002_labeled.csv,two_wheel,5,17,47550,1280,0.781,1,2,1,1,1,1
teknik/002_labeled.csv,no_vehicle,5,18,48830,1280,28.516,1,2,1,1,1,1
teknik/002_labeled.csv,no_vehicle,5,19,50110,1280,10.547,1,2,1,1,1,1
teknik/002_labeled.csv,no_vehicle,5,20,51390,1280,12.891,1,2,1,1,1,1
teknik/002_labeled.csv,no_vehicle,5,21,52670,1280,47.266,1,2,1,1,1,1
teknik/002_labeled.csv,no_vehicle,5,22,53950,1280,12.109,1,2,1,1,1,1
teknik/002_labeled.csv,no_vehicle,5,23,55230,1280,45.313,1,2,1,1,1,1
teknik/002_labeled.csv,no_vehicle,5,24,56510,1280,16.406,1,2,1,1,1,1
teknik/002_labeled.csv,no_vehicle,5,25,57790,1280,39.063,1,2,1,1,1,1
teknik/002_labeled.csv,two_wheel,5,26,59070,1280,35.547,1,2,1,1,1,1
teknik/002_labeled.csv,two_wheel,5,27,60350,1280,34.766,1,2,1,1,1,2
teknik/002_labeled.csv,two_wheel,5,28,61630,1280,17.578,1,2,0,1,1,1
teknik/002_labeled.csv,no_vehicle,5,29,62910,1280,32.031,1,2,1,1,1,1
teknik/002_labeled.csv,two_wheel,5,30,64190,1280,10.938,1,2,1,1,1,2
teknik/002_labeled.csv,two_wheel,5,31,65470,1280,4.297,1,2,1,1,1,1
teknik/002_labeled.csv,two_wheel,5,32,66750,1280,41.406,1,2,1,1,1,1
teknik/002_labeled.csv,no_vehicle,5,33,68030,1280,43.75,1,2,1,1,1,1
teknik/002_labeled.csv,no_vehicle,5,34,69310,1280,11.719,1,2,1,1,1,1
teknik/002_labeled.csv,no_vehicle,5,35,70590,1280,15.625,1,2,1,1,1,1
teknik/002_labeled.csv,no_vehicle,5,36,71870,1280,12.109,1,2,1,1,1,1
teknik/002_labeled.csv,no_vehicle,5,37,73150,1280,12.109,1,2,1,1,1,1
teknik/002_labeled.csv,no_vehicle,5,38,74430,1280,18.359,1,2,1,1,1,1
teknik/002_labeled.csv,no_vehicle,5,39,75710,1280,37.109,1,2,1,1,1,1
teknik/002_labeled.csv,no_vehicle,5,40,76990,1280,20.703,1,2,1,1,1,1
teknik/002_labeled.csv,no_vehicle,5,41,78270,1280,49.219,1,2,1,1,1,1
teknik/002_labeled.csv,no_vehicle,5,42,79550,1280,12.109,1,2,0,1,1,1
teknik/002_labeled.csv,unknown,5,43,80830,1280,37.109,1,2,1,1,1,1
teknik/002_labeled.csv,unknown,5,44,82110,1280,29.688,1,2,1,1,2,1
teknik/002_labeled.csv,unknown,5,45,83390,1280,5.859,1,2,0,1,1,1
teknik/002_labeled.csv,unknown,5,46,84670,1280,1.563,1,2,1,1,1,1
teknik/002_labeled.csv,no_vehicle,5,47,85950,1280,0.781,1,2,1,1,1,1
teknik/002_labeled.csv,no_vehicle,5,48,87230,1280,10.938,1,2,1,1,1,1
teknik/002_labeled.csv,two_wheel,5,49,88510,1280,5.078,1,2,1,1,1,1
teknik/002_labeled.csv,two_wheel,5,50,89790,1280,5.859,1,2,1,1,1,1
teknik/002_labeled.csv,two_wheel,5,51,91070,1280,38.672,1,2,1,1,1,1
teknik/002_labeled.csv,no_vehicle,5,52,92350,1280,15.625,1,2,1,1,1,1
teknik/002_labeled.csv,no_vehicle,5,53,93630,1280,23.438,1,2,1,1,1,1
teknik/002_labeled.csv,no_vehicle,5,54,94910,1280,35.938,1,2,1,1,1,1
teknik/002_labeled.csv,no_vehicle,5,55,96190,1280,24.609,1,2,1,1,1,1
teknik/002_labeled.csv,no_vehicle,5,56,97470,1280,26.563,1,2,1,1,1,1
teknik/002_labeled.csv,two_wheel,5,57,98750,1280,3.125,1,2,1,1,1,1
teknik/002_labeled.csv,two_wheel,5,58,100030,1280,21.875,1,2,0,1,1,1
teknik/002_labeled.csv,two_wheel,5,59,101310,1280,36.719,1,2,1,1,1,1
teknik/002_labeled.csv,unknown,5,60,102590,1280,28.125,1,2,1,1,1,1
teknik/002_labeled.csv,unknown,5,61,103870,1280,27.734,1,2,1,1,1,1
teknik/002_labeled.csv,unknown,5,62,105150,1280,23.047,1,2,1,1,1,1
teknik/002_labeled.csv,unknown,5,63,106430,1280,28.516,1,2,1,1,1,1
teknik/002_labeled.csv,unknown,5,64,107710,1280,39.844,1,2,1,1,1,2
teknik/002_labeled.csv,no_vehicle,5,65,108990,1280,39.844,1,2,1,1,1,2
teknik/002_labeled.csv,no_vehicle,5,66,110270,1280,26.172,1,2,1,1,1,1
teknik/002_labeled.csv,no_vehicle,5,67,111550,1280,5.859,1,2,1,1,1,1
teknik/002_labeled.csv,no_vehicle,5,68,112830,1280,41.797,1,2,1,1,1,1
teknik/002_labeled.csv,no_vehicle,5,69,114110,1280,19.922,1,2,1,1,1,1
teknik/002_labeled.csv,no_vehicle,5,70,115390,1280,25.391,1,2,1,1,1,1
teknik/002_labeled.csv,no_vehicle,5,71,116670,1280,35.547,1,2,1,1,1,1
teknik/002_labeled.csv,no_vehicle,5,72,117950,1280,5.859,1,2,1,1,1,1
teknik/002_labeled.csv,no_vehicle,5,73,119230,1280,14.453,1,2,1,1,1,1
teknik/002_labeled.csv,two_wheel,5,74,120510,1280,10.547,1,2,1,1,1,1
teknik/002_labeled.csv,two_wheel,5,75,121790,1280,10.547,1,2,1,1,1,1
teknik/002_labeled.csv,two_wheel,5,76,123070,1280,6.25,1,2,1,1,1,1
teknik/002_labeled.csv,four_wheel,5,77,124350,1280,6.641,1,2,1,1,1,1
teknik/002_labeled.csv,four_wheel,5,78,125630,1280,29.297,1,2,1,1,1,1
teknik/002_labeled.csv,four_wheel,5,79,126910,1280,33.984,1,2,1,1,1,1
teknik/002_labeled.csv,four_wheel,5,80,128190,1280,17.188,1,2,1,1,1,1
teknik/002_labeled.csv,no_vehicle,5,81,129470,1280,30.078,1,2,1,1,1,1
teknik/002_labeled.csv,no_vehicle,5,82,130750,1280,48.828,1,2,1,1,1,1
teknik/002_labeled.csv,no_vehicle,5,83,132030,1280,33.984,1,2,1,1,1,2
teknik/002_labeled.csv,no_vehicle,5,84,133310,1280,10.938,1,2,1,1,1,1
teknik/002_labeled.csv,no_vehicle,5,85,134590,1280,12.5,1,2,0,1,1,1
teknik/002_labeled.csv,two_wheel,5,86,135870,1280,13.672,1,2,1,1,1,1
teknik/002_labeled.csv,two_wheel,5,87,137150,1280,14.063,1,2,0,1,1,1
teknik/002_labeled.csv,two_wheel,5,88,138430,1280,32.031,1,2,1,1,1,1
teknik/002_labeled.csv,two_wheel,5,89,139710,1280,43.75,1,2,1,1,1,1
teknik/002_labeled.csv,two_wheel,5,90,140990,1280,11.719,1,2,1,1,1,1
teknik/002_labeled.csv,no_vehicle,5,91,142270,1280,27.344,1,2,1,1,1,1
teknik/002_labeled.csv,no_vehicle,5,92,143550,1280,2.734,1,2,1,1,1,1
teknik/002_labeled.csv,no_vehicle,5,93,144830,1280,17.188,1,2,1,1,1,1
teknik/002_labeled.csv,no_vehicle,5,94,146110,1280,23.438,1,2,1,1,1,1
teknik/002_labeled.csv,no_vehicle,5,95,147390,1280,4.688,1,2,1,1,1,1
teknik/002_labeled.csv,no_vehicle,5,96,148670,1280,36.328,1,2,1,1,1,1
teknik/002_labeled.csv,no_vehicle,5,97,149950,1280,21.094,1,2,1,1,1,1
teknik/002_labeled.csv,no_vehicle,5,98,151230,1280,5.859,1,2,1,1,1,1
teknik/002_labeled.csv,no_vehicle,5,99,152510,1280,12.5,1,2,1,1,1,1
teknik/002_labeled.csv,no_vehicle,5,100,153790,1280,39.844,1,2,1,1,1,1
teknik/002_labeled.csv,no_vehicle,5,101,155070,1280,25.781,1,2,1,1,1,1
teknik/002_labeled.csv,no_vehicle,5,102,156350,1280,0.781,1,2,1,1,1,1
teknik/002_labeled.csv,no_vehicle,5,103,157630,1280,1.563,1,2,1,1,1,1
teknik/002_labeled.csv,no_vehicle,5,104,158910,1280,42.188,1,2,1,1,1,1
teknik/002_labeled.csv,unknown,5,105,160190,1280,17.969,1,2,1,1,1,1
teknik/002_labeled.csv,unknown,5,106,161470,1280,36.719,1,2,1,1,1,1
teknik/002_labeled.csv,unknown,5,107,162750,1280,49.609,1,2,1,1,1,2
teknik/002_labeled.csv,unknown,5,108,164030,1280,45.703,1,2,1,1,1,1
teknik/002_labeled.csv,unknown,5,109,165310,1280,31.641,1,2,1,1,1,1
teknik/002_labeled.csv,unknown,5,110,166590,1280,38.672,1,2,1,1,1,2
teknik/002_labeled.csv,no_vehicle,5,111,167870,1280,43.359,1,2,1,1,1,2
teknik/002_labeled.csv,unknown,5,112,169150,1280,35.547,1,2,1,1,1,1
teknik/002_labeled.csv,unknown,5,113,170430,1280,1.563,1,2,1,1,1,1
teknik/002_labeled.csv,unknown,5,114,171710,1280,10.938,1,2,0,1,1,1
teknik/002_labeled.csv,unknown,5,115,172990,1280,6.25,1,2,1,1,1,1
teknik/002_labeled.csv,two_wheel,5,116,174270,1280,24.219,1,2,1,1,1,1
teknik/002_labeled.csv,two_wheel,5,117,175550,1280,3.516,1,2,1,1,1,1
teknik/002_labeled.csv,unknown,5,118,176830,1280,8.203,1,2,1,1,1,1
teknik/002_labeled.csv,unknown,5,119,178110,1280,18.75,1,2,1,1,1,1
teknik/002_labeled.csv,unknown,5,120,179390,1280,34.766,1,3,1,1,2,2
teknik/002_labeled.csv,no_vehicle,5,121,180670,1280,4.297,1,3,1,1,1,1
teknik/002_labeled.csv,no_vehicle,5,122,181950,1280,41.406,1,2,1,1,1,1
teknik/002_labeled.csv,no_vehicle,5,123,183230,1280,14.844,1,2,1,1,1,1
teknik/002_labeled.csv,two_wheel,5,124,184510,1280,10.156,1,2,1,1,1,1
teknik/002_labeled.csv,two_wheel,5,125,185790,1280,25.781,1,2,1,1,1,1
teknik/002_labeled.csv,two_wheel,5,126,187070,1280,43.359,1,2,1,1,1,1
teknik/002_labeled.csv,no_vehicle,5,127,188350,1280,1.953,1,2,1,1,1,1
teknik/002_labeled.csv,no_vehicle,5,128,189630,1280,27.734,1,2,1,1,1,1
teknik/002_labeled.csv,no_vehicle,5,129,190910,1280,0.781,1,2,1,1,1,1
teknik/002_labeled.csv,no_vehicle,5,130,192190,1280,29.688,1,2,1,1,1,1
teknik/002_labeled.csv,no_vehicle,5,131,193470,1280,34.375,1,2,1,1,1,2
teknik/002_labeled.csv,no_vehicle,5,132,194750,1280,16.406,1,2,1,1,1,1
teknik/002_labeled.csv,no_vehicle,5,133,196030,1280,25.0,1,2,1,1,1,1
teknik/002_labeled.csv,no_vehicle,5,134,197310,1280,21.094,1,2,1,1,1,1
teknik/002_labeled.csv,four_wheel,5,135,198590,1280,5.078,1,2,1,1,1,1
teknik/002_labeled.csv,four_wheel,5,136,199870,1280,31.641,1,2,1,1,1,2
teknik/002_labeled.csv,four_wheel,5,137,201150,1280,38.281,1,2,1,1,1,1
teknik/002_labeled.csv,four_wheel,5,138,202430,1280,18.359,1,2,1,1,1,1
teknik/002_labeled.csv,no_vehicle,5,139,203710,1280,33.594,1,2,1,1,1,1
teknik/002_labeled.csv,no_vehicle,5,140,204990,1280,5.469,1,2,1,1,1,1
teknik/002_labeled.csv,no_vehicle,5,141,206270,1280,17.578,1,2,1,1,1,1
teknik/002_labeled.csv,no_vehicle,5,142,207550,1280,23.047,1,2,1,1,1,1
teknik/002_labeled.csv,no_vehicle,5,143,208830,1280,2.734,1,2,1,1,1,1
teknik/002_labeled.csv,no_vehicle,5,144,210110,1280,4.297,1,2,1,1,1,1
teknik/002_labeled.csv,no_vehicle,5,145,211390,1280,36.328,1,2,0,1,1,2
teknik/002_labeled.csv,no_vehicle,5,146,212670,1280,3.125,1,2,1,1,1,1
teknik/002_labeled.csv,no_vehicle,5,147,213950,1280,15.625,1,2,1,1,1,1
teknik/002_labeled.csv,unknown,5,148,215230,1280,3.516,1,2,1,1,1,1
teknik/002_labeled.csv,unknown,5,149,216510,1280,48.047,1,2,1,1,1,1
teknik/002_labeled.csv,unknown,5,150,217790,1280,3.516,1,2,1,1,1,1
teknik/002_labeled.csv,unknown,5,151,219070,1280,43.75,1,2,1,1,1,1
teknik/002_labeled.csv,unknown,5,152,220350,1280,4.297,1,2,1,1,1,2
teknik/002_labeled.csv,unknown,5,153,221630,1280,41.016,1,2,1,1,1,2
teknik/002_labeled.csv,unknown,5,154,222910,1280,7.031,1,2,1,1,1,1
teknik/002_labeled.csv,no_vehicle,5,155,224190,1280,8.594,1,2,1,1,1,1
teknik/002_labeled.csv,two_wheel,5,156,225470,1280,8.203,1,2,1,1,1,1
teknik/002_labeled.csv,two_wheel,5,157,226750,1280,46.484,1,2,0,1,1,1
teknik/002_labeled.csv,two_wheel,5,158,228030,1280,19.531,1,2,1,1,1,1
teknik/002_labeled.csv,no_vehicle,5,159,229310,1280,7.031,1,2,1,1,1,1
teknik/002_labeled.csv,no_vehicle,5,160,230590,1280,3.906,1,2,1,1,1,1
teknik/002_labeled.csv,no_vehicle,5,161,231870,1280,5.078,1,2,1,1,1,1
teknik/002_labeled.csv,no_vehicle,5,162,233150,1280,46.094,1,2,0,1,1,1
teknik/002_labeled.csv,no_vehicle,5,163,234430,1280,41.406,1,2,0,1,1,1
teknik/002_labeled.csv,two_wheel,5,164,235710,1280,23.047,1,2,1,1,1,1
teknik/002_labeled.csv,two_wheel,5,165,236990,1280,4.297,1,2,1,1,1,1
teknik/002_labeled.csv,two_wheel,5,166,238270,1280,45.313,1,2,1,1,1,1
teknik/002_labeled.csv,two_wheel,5,167,239550,1280,7.813,1,2,1,1,1,1
teknik/002_labeled.csv,no_vehicle,5,168,240830,1280,49.609,1,2,1,1,1,1
teknik/002_labeled.csv,no_vehicle,5,169,242110,1280,10.156,1,2,1,1,1,1
teknik/002_labeled.csv,no_vehicle,5,170,243390,1280,4.297,1,2,1,1,1,1
teknik/002_labeled.csv,no_vehicle,5,171,244670,1280,21.094,1,2,1,1,1,1
teknik/002_labeled.csv,no_vehicle,5,172,245950,1280,1.953,1,2,1,1,1,1
teknik/002_labeled.csv,no_vehicle,5,173,247230,1280,8.594,1,2,1,1,1,1
teknik/002_labeled.csv,no_vehicle,5,174,248510,1280,28.516,1,2,1,1,1,1
teknik/002_labeled.csv,two_wheel,5,175,249790,1280,11.328,1,2,0,1,1,1
teknik/002_labeled.csv,two_wheel,5,176,251070,1280,6.25,1,2,1,1,1,1
teknik/002_labeled.csv,two_wheel,5,177,252350,1280,48.438,1,2,1,1,1,1
teknik/002_labeled.csv,no_vehicle,5,178,253630,1280,43.359,1,2,1,1,1,1
teknik/002_labeled.csv,two_wheel,5,179,254910,1280,22.656,1,2,1,1,1,1
teknik/002_labeled.csv,two_wheel,5,180,256190,1280,38.672,1,2,1,1,1,1
teknik/002_labeled.csv,two_wheel,5,181,257470,1280,7.031,1,2,1,1,1,1
teknik/002_labeled.csv,no_vehicle,5,182,258750,1280,2.734,1,2,1,1,1,1
teknik/002_labeled.csv,no_vehicle,5,183,260030,1280,35.156,1,2,1,1,1,1
teknik/002_labeled.csv,no_vehicle,5,184,261310,1280,42.188,1,2,1,1,1,1
teknik/002_labeled.csv,no_vehicle,5,185,262590,1280,9.375,1,2,0,1,1,1
teknik/002_labeled.csv,unknown,5,186,263870,1280,37.5,1,2,1,1,1,1
teknik/002_labeled.csv,unknown,5,187,265150,1280,48.828,1,2,1,1,1,1
teknik/002_labeled.csv,unknown,5,188,266430,1280,15.234,1,2,1,1,1,1
teknik/002_labeled.csv,unknown,5,189,267710,1280,16.797,1,2,1,1,2,1
teknik/002_labeled.csv,unknown,5,190,268990,1280,47.656,1,2,1,1,1,1
teknik/002_labeled.csv,unknown,5,191,270270,1280,25.0,1,2,1,1,1,1
teknik/002_labeled.csv,unknown,5,192,271550,1280,26.953,1,2,1,1,1,1
teknik/002_labeled.csv,unknown,5,193,272830,1280,21.875,1,2,1,1,1,1
teknik/002_labeled.csv,no_vehicle,5,194,274110,1280,21.875,1,2,1,1,1,1
teknik/002_labeled.csv,no_vehicle,5,195,275390,1280,24.609,1,2,1,1,1,1
teknik/002_labeled.csv,no_vehicle,5,196,276670,1280,29.688,1,2,1,1,1,1
teknik/002_labeled.csv,no_vehicle,5,197,277950,1280,19.141,1,2,1,1,1,1
teknik/002_labeled.csv,two_wheel,5,198,279230,1280,13.672,1,2,1,1,1,1
teknik/002_labeled.csv,two_wheel,5,199,280510,1280,16.406,1,2,1,1,1,1
teknik/002_labeled.csv,two_wheel,5,200,281790,1280,26.953,1,2,0,1,1,1
teknik/002_labeled.csv,two_wheel,5,201,283070,1280,48.828,1,2,0,1,1,2
teknik/002_labeled.csv,no_vehicle,5,202,284350,1280,12.5,1,2,1,1,1,1
teknik/002_labeled.csv,no_vehicle,5,203,285630,1280,45.703,1,2,1,1,1,1
teknik/002_labeled.csv,two_wheel,5,204,286910,1280,19.922,1,2,1,1,1,1
teknik/002_labeled.csv,two_wheel,5,205,288190,1280,23.438,1,2,1,1,1,1
teknik/002_labeled.csv,two_wheel,5,206,289470,1280,41.797,1,2,1,1,1,1
teknik/002_labeled.csv,no_vehicle,5,207,290750,1280,43.359,1,2,1,1,1,1
teknik/002_labeled.csv,no_vehicle,5,208,292030,1280,0.781,1,2,1,1,1,1
teknik/002_labeled.csv,no_vehicle,5,209,293310,1280,20.313,1,2,1,1,1,1
teknik/002_labeled.csv,no_vehicle,5,210,294590,1280,36.328,1,2,0,1,1,1
teknik/002_labeled.csv,no_vehicle,5,211,295870,1280,5.469,1,2,1,1,1,1
teknik/002_labeled.csv,no_vehicle,5,212,297150,1280,29.297,1,2,1,1,1,1
teknik/002_labeled.csv,no_vehicle,5,213,298430,1280,25.391,1,2,1,1,1,1
teknik/002_labeled.csv,no_vehicle,5,214,299710,1280,0.391,1,2,1,1,1,1
teknik/002_labeled.csv,no_vehicle,5,215,300990,1280,6.25,1,2,1,1,1,1
teknik/002_labeled.csv,no_vehicle,5,216,302270,1280,35.156,1,2,1,1,1,1
teknik/002_labeled.csv,no_vehicle,5,217,303550,1280,26.953,1,2,1,1,1,1
teknik/002_labeled.csv,no_vehicle,5,218,304830,1280,18.359,1,2,1,1,1,1
teknik/002_labeled.csv,no_vehicle,5,219,306110,1280,44.531,1,2,1,1,1,1
teknik/002_labeled.csv,no_vehicle,5,220,307390,1280,44.922,1,2,1,1,1,1
teknik/002_labeled.csv,no_vehicle,5,221,308670,1280,48.438,1,2,1,1,1,1
teknik/002_labeled.csv,no_vehicle,5,222,309950,1280,9.375,1,2,1,1,1,1
teknik/002_labeled.csv,no_vehicle,5,223,311230,1280,23.047,1,2,1,1,1,1
teknik/002_labeled.csv,no_vehicle,5,224,312510,1280,7.031,1,2,1,1,1,1
teknik/002_labeled.csv,no_vehicle,5,225,313790,1280,1.563,1,2,1,1,1,1
teknik/002_labeled.csv,no_vehicle,5,226,315070,1280,1.563,1,2,1,1,1,1
teknik/002_labeled.csv,no_vehicle,5,227,316350,1280,16.797,1,2,1,1,1,1
teknik/002_labeled.csv,no_vehicle,5,228,317630,1280,31.641,1,2,1,1,1,1
teknik/002_labeled.csv,no_vehicle,5,229,318910,1280,35.938,1,2,0,1,1,1
teknik/002_labeled.csv,no_vehicle,5,230,320190,1280,7.422,1,2,1,1,1,1
teknik/002_labeled.csv,no_vehicle,5,231,321470,1280,1.172,1,2,1,1,1,1
teknik/002_labeled.csv,no_vehicle,5,232,322750,1280,1.172,1,2,1,1,1,1
teknik/002_labeled.csv,unknown,5,233,324030,1280,5.469,1,2,1,1,1,1
teknik/002_labeled.csv,unknown,5,234,325310,1280,4.688,1,2,1,1,1,1
teknik/002_labeled.csv,unknown,5,235,326590,1280,5.078,1,2,1,1,1,1
teknik/002_labeled.csv,unknown,5,236,327870,1280,10.156,1,2,1,1,1,2
teknik/002_labeled.csv,unknown,5,237,329150,1280,48.438,1,2,0,1,1,2
teknik/002_labeled.csv,unknown,5,238,330430,1280,42.578,1,2,1,1,1,1
teknik/002_labeled.csv,no_vehicle,5,239,331710,1280,15.234,1,2,1,1,1,1
teknik/002_labeled.csv,no_vehicle,5,240,332990,1280,31.641,1,2,1,1,1,1
teknik/002_labeled.csv,no_vehicle,5,241,334270,1280,23.828,1,2,1,1,1,1
teknik/002_labeled.csv,no_vehicle,5,242,335550,1280,34.375,1,2,1,1,1,1
teknik/002_labeled.csv,no_vehicle,5,243,336830,1280,42.188,1,2,1,1,1,1
teknik/002_labeled.csv,no_vehicle,5,244,338110,1280,6.25,1,2,1,1,1,1
teknik/002_labeled.csv,no_vehicle,5,245,339390,1280,23.828,1,2,1,1,1,1
teknik/002_labeled.csv,no_vehicle,5,246,340670,1280,4.688,1,2,1,1,1,1
teknik/002_labeled.csv,no_vehicle,5,247,341950,1280,4.688,1,2,1,1,1,1
teknik/002_labeled.csv,no_vehicle,5,248,343230,1280,24.609,1,2,1,1,1,1
teknik/002_labeled.csv,no_vehicle,5,249,344510,1280,20.703,1,2,1,1,1,1
teknik/002_labeled.csv,no_vehicle,5,250,345790,1280,1.953,1,2,1,1,1,1
teknik/002_labeled.csv,no_vehicle,5,251,347070,1280,0.781,1,2,1,1,1,1
teknik/002_labeled.csv,no_vehicle,5,252,348350,1280,10.156,1,2,1,1,1,1
teknik/002_labeled.csv,no_vehicle,5,253,349630,1280,29.297,1,2,1,1,1,1
teknik/002_labeled.csv,no_vehicle,5,254,350910,1280,6.25,1,2,1,1,1,1
teknik/002_labeled.csv,no_vehicle,5,255,352190,1280,10.156,1,2,1,1,1,1
teknik/002_labeled.csv,no_vehicle,5,256,353470,1280,22.656,1,2,0,1,1,1
teknik/002_labeled.csv,no_vehicle,5,257,354750,1280,22.656,1,2,1,1,1,1
teknik/002_labeled.csv,no_vehicle,5,258,356030,1280,1.563,1,2,1,1,1,1
teknik/002_labeled.csv,no_vehicle,5,259,357310,1280,38.672,1,2,0,1,1,2
teknik/002_labeled.csv,no_vehicle,5,260,358590,1280,28.906,1,2,1,1,1,1
teknik/002_labeled.csv,no_vehicle,5,261,359870,1280,31.641,1,2,1,1,1,1
teknik/002_labeled.csv,no_vehicle,5,262,361150,1280,11.328,1,2,0,1,1,1
teknik/002_labeled.csv,no_vehicle,5,263,362430,1280,26.172,1,2,1,1,1,1
teknik/002_labeled.csv,no_vehicle,5,264,363710,1280,48.047,1,2,0,1,1,1
teknik/002_labeled.csv,no_vehicle,5,265,364990,1280,3.906,1,2,1,1,1,1
teknik/002_labeled.csv,no_vehicle,5,266,366270,1280,16.406,1,2,1,1,1,1
teknik/002_labeled.csv,no_vehicle,5,267,367550,1280,20.703,1,2,1,1,1,1
teknik/002_labeled.csv,no_vehicle,5,268,368830,1280,48.438,1,2,1,1,1,1
teknik/002_labeled.csv,no_vehicle,5,269,370110,1280,9.766,1,2,1,1,1,1
teknik/002_labeled.csv,no_vehicle,5,270,371390,1280,11.719,1,2,1,1,1,1
teknik/002_labeled.csv,no_vehicle,5,271,372670,1280,3.516,1,2,1,1,1,1
teknik/002_labeled.csv,no_vehicle,5,272,373950,1280,1.563,1,2,1,1,1,1
teknik/002_labeled.csv,no_vehicle,5,273,375230,1280,0.781,1,2,1,1,1,1
teknik/002_labeled.csv,no_vehicle,5,274,376510,1280,23.047,1,2,1,1,1,1
teknik/002_labeled.csv,no_vehicle,5,275,377790,1280,45.703,1,2,1,1,1,1
teknik/002_labeled.csv,no_vehicle,5,276,379070,1280,24.219,1,2,1,1,1,1
teknik/002_labeled.csv,no_vehicle,5,277,380350,1280,3.906,1,2,1,1,1,2
teknik/002_labeled.csv,no_vehicle,5,278,381630,1280,20.703,1,2,1,1,1,1
teknik/002_labeled.csv,no_vehicle,5,279,382910,1280,12.891,1,2,1,1,1,1
teknik/002_labeled.csv,no_vehicle,5,280,384190,1280,4.297,1,2,1,1,1,1
teknik/002_labeled.csv,no_vehicle,5,281,385470,1280,14.063,1,2,1,1,1,1
teknik/002_labeled.csv,no_vehicle,5,282,386750,1280,11.328,1,2,1,1,1,1
teknik/002_labeled.csv,no_vehicle,5,283,388030,1280,7.422,1,2,1,1,1,1
teknik/002_labeled.csv,no_vehicle,5,284,389310,1280,1.563,1,2,1,1,1,1
teknik/002_labeled.csv,no_vehicle,5,285,390590,1280,8.203,1,2,1,1,1,1
teknik/002_labeled.csv,two_wheel,5,286,391870,1280,19.141,1,2,1,1,1,1
teknik/002_labeled.csv,two_wheel,5,287,393150,1280,44.141,1,2,1,1,1,2
teknik/002_labeled.csv,two_wheel,5,288,394430,1280,36.328,1,2,1,1,1,1
teknik/002_labeled.csv,two_wheel,5,289,395710,1280,7.422,1,2,1,1,1,1
teknik/002_labeled.csv,two_wheel,5,290,396990,1280,41.406,1,2,1,1,1,2
teknik/002_labeled.csv,two_wheel,5,291,398270,1280,2.734,1,2,1,1,1,1
teknik/002_labeled.csv,two_wheel,5,292,399550,1280,11.328,1,2,1,1,1,1
teknik/002_labeled.csv,two_wheel,5,293,400830,1280,32.422,1,2,1,1,1,1
teknik/002_labeled.csv,no_vehicle,5,294,402110,1280,41.406,1,2,1,1,1,1
teknik/002_labeled.csv,no_vehicle,5,295,403390,1280,12.5,1,2,1,1,1,1
teknik/002_labeled.csv,no_vehicle,5,296,404670,1280,45.313,1,2,1,1,1,1
teknik/002_labeled.csv,unknown,5,297,405950,1280,23.828,1,2,1,1,1,1
teknik/002_labeled.csv,unknown,5,298,407230,1280,5.859,1,2,1,1,1,1
teknik/002_labeled.csv,unknown,5,299,408510,1280,14.844,1,2,1,1,1,2
teknik/002_labeled.csv,unknown,5,300,409790,1280,25.781,1,2,1,1,1,2
teknik/002_labeled.csv,unknown,5,301,411070,1280,5.859,1,2,1,1,1,1
teknik/002_labeled.csv,unknown,5,302,412350,1280,21.875,1,2,0,1,1,1
teknik/002_labeled.csv,no_vehicle,5,303,413630,1280,18.359,1,2,1,1,1,1
teknik/002_labeled.csv,no_vehicle,5,304,414910,1280,15.234,1,2,1,1,1,1
teknik/002_labeled.csv,no_vehicle,5,305,416190,1280,23.438,1,2,1,1,1,1
teknik/002_labeled.csv,two_wheel,5,306,417470,1280,49.219,1,2,1,1,1,1
teknik/002_labeled.csv,two_wheel,5,307,418750,1280,17.188,1,2,1,1,2,1
teknik/002_labeled.csv,two_wheel,5,308,420030,1280,25.781,1,2,1,1,1,1
teknik/002_labeled.csv,two_wheel,5,309,421310,1280,11.328,1,2,1,1,2,1
teknik/002_labeled.csv,no_vehicle,5,310,422590,1280,0.781,1,2,1,1,1,1
teknik/002_labeled.csv,no_vehicle,5,311,423870,1280,7.422,1,2,1,1,1,1
teknik/002_labeled.csv,no_vehicle,5,312,425150,1280,5.859,1,2,1,1,1,1
teknik/002_labeled.csv,no_vehicle,5,313,426430,1280,13.281,1,2,1,1,1,1
teknik/002_labeled.csv,no_vehicle,5,314,427710,1280,19.922,1,2,1,1,1,1
teknik/002_labeled.csv,no_vehicle,5,315,428990,1280,33.984,1,2,1,1,1,1
teknik/002_labeled.csv,no_vehicle,5,316,430270,1280,34.766,1,2,1,1,1,1
teknik/002_labeled.csv,no_vehicle,5,317,431550,1280,49.609,1,2,1,1,1,1
teknik/002_labeled.csv,no_vehicle,5,318,432830,1280,3.906,1,2,1,1,1,1
teknik/002_labeled.csv,no_vehicle,5,319,434110,1280,36.719,1,2,1,1,1,1
teknik/002_labeled.csv,no_vehicle,5,320,435390,1280,25.391,1,2,1,1,1,1
teknik/002_labeled.csv,no_vehicle,5,321,436670,1280,37.891,1,2,1,1,1,1
teknik/002_labeled.csv,no_vehicle,5,322,437950,1280,46.094,1,2,1,1,1,1
teknik/002_labeled.csv,no_vehicle,5,323,439230,1280,49.609,1,2,1,1,1,1
teknik/002_labeled.csv,no_vehicle,5,324,440510,1280,44.922,1,2,1,1,1,1
teknik/002_labeled.csv,unknown,5,325,441790,1280,36.328,1,2,1,1,1,1
teknik/002_labeled.csv,unknown,5,326,443070,1280,11.328,1,2,0,1,1,1
teknik/002_labeled.csv,unknown,5,327,444350,1280,11.328,1,2,1,1,1,1
teknik/002_labeled.csv,unknown,5,328,445630,1280,39.453,1,2,0,1,1,1
teknik/002_labeled.csv,unknown,5,329,446910,1280,20.703,1,2,1,1,1,1
teknik/002_labeled.csv,unknown,5,330,448190,1280,5.078,1,2,1,1,1,1
teknik/002_labeled.csv,unknown,5,331,449470,1280,20.703,1,2,1,1,1,1
teknik/002_labeled.csv,no_vehicle,5,332,450750,1280,14.063,1,2,1,1,1,1
teknik/002_labeled.csv,no_vehicle,5,333,452030,1280,14.844,1,2,0,1,1,1
teknik/002_labeled.csv,no_vehicle,5,334,453310,1280,3.516,1,2,1,1,1,1
teknik/002_labeled.csv,two_wheel,5,335,454590,1280,0.781,1,2,1,1,1,1
teknik/002_labeled.csv,two_wheel,5,336,455870,1280,1.172,1,2,1,1,1,1
teknik/002_labeled.csv,two_wheel,5,337,457150,1280,39.453,1,2,1,1,1,1
teknik/002_labeled.csv,two_wheel,5,338,458430,1280,8.594,1,2,1,1,1,1
teknik/002_labeled.csv,no_vehicle,5,339,459710,1280,33.594,1,2,1,1,1,1
teknik/002_labeled.csv,no_vehicle,5,340,460990,1280,46.875,1,2,1,1,1,1
teknik/002_labeled.csv,two_wheel,5,341,462270,1280,35.156,1,2,1,1,1,1
teknik/002_labeled.csv,two_wheel,5,342,463550,1280,25.0,1,2,1,1,1,1
teknik/002_labeled.csv,two_wheel,5,343,464830,1280,19.531,1,2,1,1,1,1
teknik/002_labeled.csv,no_vehicle,5,344,466110,1280,8.203,1,2,1,1,1,1
teknik/002_labeled.csv,no_vehicle,5,345,467390,1280,45.703,1,2,0,1,1,1
teknik/002_labeled.csv,no_vehicle,5,346,468670,1280,34.766,1,2,1,1,1,1
teknik/002_labeled.csv,no_vehicle,5,347,469950,1280,42.969,1,2,1,1,1,1
teknik/002_labeled.csv,no_vehicle,5,348,471230,1280,10.938,1,2,1,1,1,1
teknik/002_labeled.csv,no_vehicle,5,349,472510,1280,8.594,1,2,1,1,1,1
teknik/002_labeled.csv,no_vehicle,5,350,473790,1280,2.734,1,2,1,1,1,1
teknik/002_labeled.csv,no_vehicle,5,351,475070,1280,5.859,1,2,1,1,1,1
teknik/002_labeled.csv,no_vehicle,5,352,476350,1280,18.359,1,2,1,1,1,1
teknik/002_labeled.csv,two_wheel,5,353,477630,1280,11.328,1,2,1,1,1,1
teknik/002_labeled.csv,two_wheel,5,354,478910,1280,1.953,1,2,1,1,1,1
teknik/002_labeled.csv,two_wheel,5,355,480190,1280,7.031,1,2,1,1,1,1
teknik/002_labeled.csv,two_wheel,5,356,481470,1280,8.203,1,2,1,1,1,1
teknik/002_labeled.csv,no_vehicle,5,357,482750,1280,19.922,1,2,1,1,1,1
teknik/002_labeled.csv,no_vehicle,5,358,484030,1280,2.344,1,2,1,1,1,1
teknik/002_labeled.csv,no_vehicle,5,359,485310,1280,30.078,1,2,1,1,1,1
teknik/002_labeled.csv,no_vehicle,5,360,486590,1280,6.641,1,2,1,1,1,1
teknik/002_labeled.csv,no_vehicle,5,361,487870,1280,14.844,1,2,1,1,1,1
teknik/002_labeled.csv,two_wheel,5,362,489150,1280,8.203,1,2,1,1,1,2
teknik/002_labeled.csv,two_wheel,5,363,490430,1280,20.703,1,2,1,1,1,1
teknik/002_labeled.csv,two_wheel,5,364,491710,1280,30.469,1,2,1,1,1,1
teknik/002_labeled.csv,two_wheel,5,365,492990,1280,28.125,1,2,1,1,1,1
teknik/002_labeled.csv,two_wheel,5,366,494270,1280,1.953,1,2,1,1,1,1
teknik/002_labeled.csv,two_wheel,5,367,495550,1280,8.594,1,2,1,1,1,1
teknik/002_labeled.csv,two_wheel,5,368,496830,1280,30.078,1,2,1,1,1,1
teknik/002_labeled.csv,no_vehicle,5,369,498110,1280,17.188,1,2,1,1,1,1
teknik/002_labeled.csv,no_vehicle,5,370,499390,1280,6.25,1,2,1,1,1,1
teknik/002_labeled.csv,no_vehicle,5,371,500670,1280,13.281,1,2,1,1,1,1
teknik/002_labeled.csv,no_vehicle,5,372,501950,1280,48.438,1,2,1,1,1,1
teknik/002_labeled.csv,no_vehicle,5,373,503230,1280,19.922,1,2,1,1,1,1
teknik/002_labeled.csv,no_vehicle,5,374,504510,1280,12.891,1,2,1,1,1,1
teknik/002_labeled.csv,no_vehicle,5,375,505790,1280,1.563,1,2,1,1,1,1
teknik/002_labeled.csv,no_vehicle,5,376,507070,1280,42.969,1,2,1,1,1,1
teknik/002_labeled.csv,no_vehicle,5,377,508350,1280,10.547,1,2,1,1,1,1
teknik/002_labeled.csv,no_vehicle,5,378,509630,1280,5.469,1,2,1,1,1,1
teknik/002_labeled.csv,two_wheel,5,379,510910,1280,9.375,1,2,1,1,1,1
teknik/002_labeled.csv,two_wheel,5,380,512190,1280,15.625,1,2,1,1,1,2
teknik/002_labeled.csv,two_wheel,5,381,513470,1280,7.031,1,2,1,1,1,1
teknik/002_labeled.csv,two_wheel,5,382,514750,1280,8.203,1,2,1,1,1,1
teknik/002_labeled.csv,no_vehicle,5,383,516030,1280,45.703,1,2,1,1,1,1
teknik/002_labeled.csv,no_vehicle,5,384,517310,1280,5.859,1,2,1,1,1,1
teknik/002_labeled.csv,no_vehicle,5,385,518590,1280,16.797,1,2,1,1,1,1
teknik/002_labeled.csv,no_vehicle,5,386,519870,1280,14.453,1,2,1,1,1,1
teknik/002_labeled.csv,no_vehicle,5,387,521150,1280,32.813,1,2,1,1,1,1
teknik/002_labeled.csv,two_wheel,5,388,522430,1280,5.859,1,2,1,1,1,1
teknik/002_labeled.csv,two_wheel,5,389,523710,1280,43.75,1,2,1,1,1,1
teknik/002_labeled.csv,two_wheel,5,390,524990,1280,14.063,1,2,1,1,1,1
teknik/002_labeled.csv,no_vehicle,5,391,526270,1280,21.484,1,2,1,1,1,1
teknik/002_labeled.csv,no_vehicle,5,392,527550,1280,19.141,1,2,1,1,1,1
teknik/002_labeled.csv,no_vehicle,5,393,528830,1280,5.859,1,2,1,1,1,1
teknik/002_labeled.csv,two_wheel,5,394,530110,1280,44.141,1,2,1,1,1,1
teknik/002_labeled.csv,two_wheel,5,395,531390,1280,0.781,1,2,1,1,1,1
teknik/002_labeled.csv,two_wheel,5,396,532670,1280,1.563,1,2,1,1,1,1
teknik/002_labeled.csv,no_vehicle,5,397,533950,1280,18.75,1,2,1,1,1,1
teknik/002_labeled.csv,no_vehicle,5,398,535230,1280,5.859,1,2,1,1,1,1
teknik/002_labeled.csv,no_vehicle,5,399,536510,1280,17.969,1,2,1,1,1,1
teknik/002_labeled.csv,no_vehicle,5,400,537790,1280,44.141,1,2,1,1,1,1
teknik/002_labeled.csv,no_vehicle,5,401,539070,1280,34.375,1,2,1,1,1,1
teknik/002_labeled.csv,no_vehicle,5,402,540350,1280,32.422,1,2,1,1,1,1
teknik/002_labeled.csv,no_vehicle,5,403,541630,1280,10.156,1,2,1,1,1,1
teknik/002_labeled.csv,no_vehicle,5,404,542910,1280,29.297,1,2,1,1,1,1
teknik/002_labeled.csv,no_vehicle,5,405,544190,1280,2.344,1,2,1,1,1,1
teknik/002_labeled.csv,no_vehicle,5,406,545470,1280,8.984,1,2,1,1,1,1
teknik/002_labeled.csv,no_vehicle,5,407,546750,1280,20.313,1,2,1,1,1,1
teknik/002_labeled.csv,no_vehicle,5,408,548030,1280,39.063,1,2,1,1,1,1
teknik/002_labeled.csv,unknown,5,409,549310,1280,36.328,1,2,1,1,1,2
teknik/002_labeled.csv,unknown,5,410,550590,1280,7.422,1,2,1,1,1,1
teknik/002_labeled.csv,unknown,5,411,551870,1280,13.672,1,2,1,1,1,1
teknik/002_labeled.csv,unknown,5,412,553150,1280,30.469,1,2,1,1,1,2
teknik/002_labeled.csv,two_wheel,5,413,554430,1280,39.063,1,2,1,1,1,2
teknik/002_labeled.csv,two_wheel,5,414,555710,1280,14.844,1,2,1,1,1,1
teknik/002_labeled.csv,two_wheel,5,415,556990,1280,45.703,1,2,1,1,1,2
teknik/002_labeled.csv,no_vehicle,5,416,558270,1280,3.906,1,2,1,1,1,1
teknik/002_labeled.csv,no_vehicle,5,417,559550,1280,8.984,1,2,1,1,1,1
teknik/002_labeled.csv,no_vehicle,5,418,560830,1280,4.688,1,2,1,1,1,1
teknik/002_labeled.csv,no_vehicle,5,419,562110,1280,19.922,1,2,1,1,1,1
teknik/002_labeled.csv,no_vehicle,5,420,563390,1280,24.609,1,2,1,1,1,1
teknik/002_labeled.csv,no_vehicle,5,421,564670,1280,16.406,1,2,1,1,1,1
teknik/002_labeled.csv,no_vehicle,5,422,565950,1280,17.188,1,2,1,1,1,1
teknik/002_labeled.csv,no_vehicle,5,423,567230,1280,9.375,1,2,1,1,1,1
teknik/002_labeled.csv,unknown,5,424,568510,1280,1.563,1,2,1,1,1,1
teknik/002_labeled.csv,unknown,5,425,569790,1280,42.578,1,2,1,1,1,1
teknik/002_labeled.csv,unknown,5,426,571070,1280,47.266,1,2,1,1,1,1
teknik/002_labeled.csv,unknown,5,427,572350,1280,2.734,1,2,1,1,1,1
teknik/002_labeled.csv,unknown,5,428,573630,1280,15.234,1,2,1,1,1,1
teknik/002_labeled.csv,no_vehicle,5,429,574910,1280,10.547,1,2,1,1,1,1
teknik/002_labeled.csv,no_vehicle,5,430,576190,1280,8.203,1,2,1,1,1,1
teknik/002_labeled.csv,no_vehicle,5,431,577470,1280,7.422,1,2,1,1,1,1
teknik/002_labeled.csv,no_vehicle,5,432,578750,1280,29.297,1,2,1,1,1,1
teknik/002_labeled.csv,no_vehicle,5,433,580030,1280,7.422,1,2,1,1,1,1
teknik/002_labeled.csv,no_vehicle,5,434,581310,1280,11.719,1,2,1,1,1,1
teknik/002_labeled.csv,no_vehicle,5,435,582590,1280,35.547,1,2,1,1,1,1
teknik/002_labeled.csv,no_vehicle,5,436,583870,1280,3.906,1,2,1,1,1,1
teknik/002_labeled.csv,no_vehicle,5,437,585150,1280,23.438,1,2,1,1,1,1
teknik/002_labeled.csv,no_vehicle,5,438,586430,1280,44.922,1,2,1,1,1,1
teknik/002_labeled.csv,no_vehicle,5,439,587710,1280,49.219,1,2,1,1,1,1
teknik/002_labeled.csv,no_vehicle,5,440,588990,1280,16.406,1,2,1,1,1,1
teknik/002_labeled.csv,no_vehicle,5,441,590270,1280,45.313,1,2,1,1,1,1
teknik/002_labeled.csv,no_vehicle,5,442,591550,1280,18.359,1,2,1,1,1,1
teknik/002_labeled.csv,no_vehicle,5,443,592830,1280,42.188,1,2,1,1,1,1
teknik/002_labeled.csv,no_vehicle,5,444,594110,1280,1.172,1,2,1,1,1,1
teknik/002_labeled.csv,no_vehicle,5,445,595390,1280,18.359,1,2,1,1,1,1
teknik/002_labeled.csv,no_vehicle,5,446,596670,1280,32.813,1,2,1,1,1,1
teknik/002_labeled.csv,no_vehicle,5,447,597950,1280,48.047,1,2,1,1,1,1
teknik/002_labeled.csv,no_vehicle,5,448,599230,1280,11.719,1,2,1,1,1,1
teknik/002_labeled.csv,no_vehicle,5,449,600510,1280,22.656,1,2,0,1,1,1
teknik/002_labeled.csv,no_vehicle,5,450,601790,1280,15.625,1,2,1,1,1,1
teknik/002_labeled.csv,no_vehicle,5,451,603070,1280,31.25,1,2,1,1,1,1
teknik/002_labeled.csv,no_vehicle,5,452,604350,1280,41.797,1,2,1,1,1,1
teknik/002_labeled.csv,no_vehicle,5,453,605630,1280,23.438,1,2,1,1,1,1
teknik/002_labeled.csv,no_vehicle,5,454,606910,1280,19.922,1,2,1,1,1,1
teknik/002_labeled.csv,no_vehicle,5,455,608190,1280,32.422,1,2,1,1,1,2
teknik/002_labeled.csv,no_vehicle,5,456,609470,1280,28.125,1,2,1,1,1,1
teknik/002_labeled.csv,no_vehicle,5,457,610750,1280,12.5,1,2,1,1,1,1
teknik/002_labeled.csv,no_vehicle,5,458,612030,1280,4.297,1,2,1,1,1,1
teknik/002_labeled.csv,no_vehicle,5,459,613310,1280,42.188,1,2,1,1,1,1
teknik/002_labeled.csv,no_vehicle,5,460,614590,1280,15.234,1,2,1,1,1,1
teknik/002_labeled.csv,no_vehicle,5,461,615870,1280,15.625,1,2,1,1,1,1
teknik/002_labeled.csv,no_vehicle,5,462,617150,1280,1.953,1,2,1,1,1,1
teknik/002_labeled.csv,no_vehicle,5,463,618430,1280,8.594,1,2,1,1,1,1
teknik/002_labeled.csv,no_vehicle,5,464,619710,1280,30.859,1,2,1,1,1,1
teknik/002_labeled.csv,no_vehicle,5,465,620990,1280,31.25,1,2,1,1,1,1
teknik/002_labeled.csv,no_vehicle,5,466,622270,1280,48.828,1,2,1,1,1,1
teknik/002_labeled.csv,two_wheel,5,467,623550,1280,9.375,1,2,1,1,1,1
teknik/002_labeled.csv,two_wheel,5,468,624830,1280,18.359,1,2,1,1,1,1
teknik/002_labeled.csv,two_wheel,5,469,626110,1280,8.984,1,2,0,1,1,1
teknik/002_labeled.csv,two_wheel,5,470,627390,1280,5.469,1,2,1,1,1,1
teknik/002_labeled.csv,four_wheel,5,471,628670,1280,7.031,1,2,1,1,1,1
teknik/002_labeled.csv,four_wheel,5,472,629950,1280,2.344,1,2,1,1,1,1
teknik/002_labeled.csv,four_wheel,5,473,631230,1280,46.484,1,2,1,1,1,1
teknik/002_labeled.csv,four_wheel,5,474,632510,1280,2.734,1,2,1,1,1,1
teknik/002_labeled.csv,four_wheel,5,475,633790,1280,19.922,1,2,1,1,2,1
teknik/002_labeled.csv,four_wheel,5,476,635070,1280,15.234,1,2,1,1,1,1
teknik/002_labeled.csv,four_wheel,5,477,636350,1280,33.594,1,2,1,1,1,1
teknik/002_labeled.csv,four_wheel,5,478,637630,1280,1.563,1,2,1,1,1,1
teknik/002_labeled.csv,four_wheel,5,479,638910,1280,14.844,1,2,1,1,1,1
teknik/002_labeled.csv,no_vehicle,5,480,640190,1280,37.891,1,2,1,1,1,1
teknik/002_labeled.csv,no_vehicle,5,481,641470,1280,24.219,1,2,1,1,1,1
teknik/002_labeled.csv,no_vehicle,5,482,642750,1280,35.547,1,2,1,1,1,1
teknik/002_labeled.csv,no_vehicle,5,483,644030,1280,44.531,1,2,1,1,1,1
teknik/002_labeled.csv,no_vehicle,5,484,645310,1280,10.938,1,2,1,1,1,1
teknik/002_labeled.csv,no_vehicle,5,485,646590,1280,14.063,1,2,1,1,1,1
teknik/002_labeled.csv,no_vehicle,5,486,647870,1280,24.219,1,2,1,1,1,1
teknik/002_labeled.csv,no_vehicle,5,487,649150,1280,40.625,1,2,1,1,1,1
teknik/002_labeled.csv,no_vehicle,5,488,650430,1280,23.047,1,2,1,1,1,1
teknik/002_labeled.csv,no_vehicle,5,489,651710,1280,17.578,1,2,1,1,1,1
teknik/002_labeled.csv,no_vehicle,5,490,652990,1280,21.875,1,2,0,1,1,1
teknik/002_labeled.csv,no_vehicle,5,491,654270,1280,46.484,1,2,1,1,1,1
teknik/002_labeled.csv,two_wheel,5,492,655550,1280,1.953,1,2,1,1,1,1
teknik/002_labeled.csv,two_wheel,5,493,656830,1280,20.313,1,2,1,1,1,1
teknik/002_labeled.csv,two_wheel,5,494,658110,1280,43.75,1,2,1,1,1,1
teknik/002_labeled.csv,two_wheel,5,495,659390,1280,6.25,1,2,1,1,1,1
teknik/002_labeled.csv,no_vehicle,5,496,660670,1280,0.391,1,2,1,1,1,1
teknik/002_labeled.csv,no_vehicle,5,497,661950,1280,4.688,1,2,1,1,1,1
teknik/002_labeled.csv,no_vehicle,5,498,663230,1280,42.578,1,2,1,1,1,1
teknik/002_labeled.csv,no_vehicle,5,499,664510,1280,14.453,1,2,1,1,1,1
teknik/002_labeled.csv,unknown,5,500,665790,1280,32.031,1,2,1,1,1,1
teknik/003_labeled.csv,two_wheel,5,1,18670,0,21.875,1,2,0,1,1,1
teknik/003_labeled.csv,no_vehicle,5,2,19950,1280,17.969,1,2,1,1,1,1
teknik/003_labeled.csv,no_vehicle,5,3,21230,1280,8.594,1,2,1,1,1,2
teknik/003_labeled.csv,two_wheel,5,4,22510,1280,3.516,1,2,1,1,1,1
teknik/003_labeled.csv,two_wheel,5,5,23790,1280,41.797,1,2,1,1,1,1
teknik/003_labeled.csv,two_wheel,5,6,25070,1280,7.422,1,2,1,1,1,1
teknik/003_labeled.csv,unknown,5,7,26350,1280,10.156,1,2,1,1,1,1
teknik/003_labeled.csv,unknown,5,8,27630,1280,2.344,1,2,1,1,1,1
teknik/003_labeled.csv,unknown,5,9,28910,1280,26.563,1,2,1,1,1,1
teknik/003_labeled.csv,two_wheel,5,10,30190,1280,16.797,1,2,1,1,1,1
teknik/003_labeled.csv,two_wheel,5,11,31470,1280,22.656,1,2,1,1,1,1
teknik/003_labeled.csv,two_wheel,5,12,32750,1280,2.344,1,2,1,1,1,1
teknik/003_labeled.csv,no_vehicle,5,13,34030,1280,36.719,1,2,1,1,1,1
teknik/003_labeled.csv,no_vehicle,5,14,35310,1280,13.281,1,2,1,1,1,1
teknik/003_labeled.csv,no_vehicle,5,15,36590,1280,13.281,1,2,1,1,1,1
teknik/003_labeled.csv,no_vehicle,5,16,37870,1280,18.359,1,2,1,1,1,1
teknik/003_labeled.csv,no_vehicle,5,17,39150,1280,8.594,1,2,1,1,1,1
teknik/003_labeled.csv,no_vehicle,5,18,40430,1280,10.156,1,2,1,1,1,2
teknik/003_labeled.csv,unknown,5,19,41710,1280,4.688,1,2,1,1,1,1
teknik/003_labeled.csv,unknown,5,20,42990,1280,17.578,1,2,1,1,1,1
teknik/003_labeled.csv,unknown,5,21,44270,1280,20.703,1,2,1,1,1,1
teknik/003_labeled.csv,unknown,5,22,45550,1280,18.75,1,2,1,1,1,1
teknik/003_labeled.csv,unknown,5,23,46830,1280,9.766,1,2,1,1,1,1
teknik/003_labeled.csv,unknown,5,24,48110,1280,34.766,1,2,0,1,1,1
teknik/003_labeled.csv,unknown,5,25,49390,1280,4.297,1,2,1,1,1,1
teknik/003_labeled.csv,unknown,5,26,50670,1280,3.516,1,2,1,1,1,1
teknik/003_labeled.csv,unknown,5,27,51950,1280,3.516,1,2,1,1,1,1
teknik/003_labeled.csv,no_vehicle,5,28,53230,1280,7.813,1,2,1,1,1,1
teknik/003_labeled.csv,no_vehicle,5,29,54510,1280,33.203,1,2,1,1,1,1
teknik/003_labeled.csv,no_vehicle,5,30,55790,1280,37.109,1,2,1,1,1,1
teknik/003_labeled.csv,no_vehicle,5,31,57070,1280,17.188,1,2,0,1,1,1
teknik/003_labeled.csv,no_vehicle,5,32,58350,1280,28.906,1,2,1,1,1,1
teknik/003_labeled.csv,no_vehicle,5,33,59630,1280,21.484,1,2,1,1,1,1
teknik/003_labeled.csv,no_vehicle,5,34,60910,1280,23.828,1,2,1,1,1,1
teknik/003_labeled.csv,no_vehicle,5,35,62190,1280,9.766,1,2,1,1,1,1
teknik/003_labeled.csv,no_vehicle,5,36,63470,1280,9.766,1,2,1,1,1,1
teknik/003_labeled.csv,no_vehicle,5,37,64750,1280,38.281,1,2,1,1,1,1
teknik/003_labeled.csv,two_wheel,5,38,66030,1280,26.563,1,2,1,1,1,1
teknik/003_labeled.csv,two_wheel,5,39,67310,1280,9.375,1,2,1,1,1,1
teknik/003_labeled.csv,two_wheel,5,40,68590,1280,11.328,1,2,1,1,1,1
teknik/003_labeled.csv,no_vehicle,5,41,69870,1280,16.016,1,2,1,1,1,1
teknik/003_labeled.csv,no_vehicle,5,42,71150,1280,10.938,1,2,1,1,1,2
teknik/003_labeled.csv,no_vehicle,5,43,72430,1280,8.984,1,2,0,1,1,1
teknik/003_labeled.csv,no_vehicle,5,44,73710,1280,8.594,1,2,1,1,1,1
teknik/003_labeled.csv,no_vehicle,5,45,74990,1280,11.328,1,2,1,1,1,1
teknik/003_labeled.csv,no_vehicle,5,46,76270,1280,44.922,1,2,1,1,1,1
teknik/003_labeled.csv,no_vehicle,5,47,77550,1280,18.359,1,2,1,1,1,1
teknik/003_labeled.csv,two_wheel,5,48,78830,1280,11.328,1,2,1,1,1,1
teknik/003_labeled.csv,two_wheel,5,49,80110,1280,9.375,1,2,1,1,1,1
teknik/003_labeled.csv,two_wheel,5,50,81390,1280,2.344,1,2,1,1,1,1
teknik/003_labeled.csv,two_wheel,5,51,82670,1280,26.563,1,2,1,1,1,1
teknik/003_labeled.csv,unknown,5,52,83950,1280,24.219,1,2,1,1,1,1
teknik/003_labeled.csv,unknown,5,53,85230,1280,18.359,1,2,1,1,1,1
teknik/003_labeled.csv,unknown,5,54,86510,1280,28.516,1,2,1,1,1,1
teknik/003_labeled.csv,two_wheel,5,55,87790,1280,33.594,1,2,1,1,1,2
teknik/003_labeled.csv,two_wheel,5,56,89070,1280,14.844,1,2,0,1,1,1
teknik/003_labeled.csv,two_wheel,5,57,90350,1280,28.516,1,2,1,1,1,1
teknik/003_labeled.csv,two_wheel,5,58,91630,1280,19.141,1,2,1,1,1,1
teknik/003_labeled.csv,unknown,5,59,92910,1280,36.719,1,2,1,1,1,1
teknik/003_labeled.csv,unknown,5,60,94190,1280,8.984,1,2,1,1,1,1
teknik/003_labeled.csv,unknown,5,61,95470,1280,7.031,1,2,1,1,1,1
teknik/003_labeled.csv,no_vehicle,5,62,96750,1280,16.406,1,2,1,1,1,1
teknik/003_labeled.csv,no_vehicle,5,63,98030,1280,31.641,1,2,1,1,1,1
teknik/003_labeled.csv,no_vehicle,5,64,99310,1280,5.078,1,2,1,1,1,1
teknik/003_labeled.csv,no_vehicle,5,65,100590,1280,19.531,1,3,1,1,1,2
teknik/003_labeled.csv,two_wheel,5,66,101870,1280,35.156,1,2,1,1,1,1
teknik/003_labeled.csv,two_wheel,5,67,103150,1280,0.781,1,2,1,1,1,1
teknik/003_labeled.csv,two_wheel,5,68,104430,1280,36.328,1,2,1,1,1,1
teknik/003_labeled.csv,two_wheel,5,69,105710,1280,37.109,1,2,1,1,1,1
teknik/003_labeled.csv,two_wheel,5,70,106990,1280,16.406,1,2,1,1,1,1
teknik/003_labeled.csv,no_vehicle,5,71,108270,1280,26.953,1,2,1,1,1,1
teknik/003_labeled.csv,no_vehicle,5,72,109550,1280,20.703,1,2,1,1,1,1
teknik/003_labeled.csv,no_vehicle,5,73,110830,1280,46.875,1,2,1,1,1,2
teknik/003_labeled.csv,two_wheel,5,74,112110,1280,14.844,1,2,1,1,1,1
teknik/003_labeled.csv,two_wheel,5,75,113390,1280,28.125,1,2,1,1,1,1
teknik/003_labeled.csv,two_wheel,5,76,114670,1280,45.313,1,2,1,1,1,1
teknik/003_labeled.csv,two_wheel,5,77,115950,1280,4.297,1,2,1,1,1,1
teknik/003_labeled.csv,two_wheel,5,78,117230,1280,14.844,1,2,1,1,1,1
teknik/003_labeled.csv,two_wheel,5,79,118510,1280,12.891,1,2,1,1,1,1
teknik/003_labeled.csv,unknown,5,80,119790,1280,31.25,1,2,1,1,1,1
teknik/003_labeled.csv,unknown,5,81,121070,1280,42.188,1,2,1,1,1,1
teknik/003_labeled.csv,unknown,5,82,122350,1280,44.141,1,2,1,1,1,1
teknik/003_labeled.csv,unknown,5,83,123630,1280,2.734,1,2,1,1,1,1
teknik/003_labeled.csv,two_wheel,5,84,124910,1280,10.938,1,2,1,1,1,1
teknik/003_labeled.csv,two_wheel,5,85,126190,1280,3.125,1,2,1,1,1,1
teknik/003_labeled.csv,two_wheel,5,86,127470,1280,1.563,1,2,1,1,1,1
teknik/003_labeled.csv,two_wheel,5,87,128750,1280,11.328,1,2,1,1,1,1
teknik/003_labeled.csv,no_vehicle,5,88,130030,1280,21.094,1,2,1,1,1,1
teknik/003_labeled.csv,no_vehicle,5,89,131310,1280,46.875,1,2,1,1,1,1
teknik/003_labeled.csv,no_vehicle,5,90,132590,1280,7.813,1,2,1,1,1,1
teknik/003_labeled.csv,no_vehicle,5,91,133870,1280,2.734,1,2,1,1,1,1
teknik/003_labeled.csv,no_vehicle,5,92,135150,1280,17.969,1,2,1,1,1,1
teknik/003_labeled.csv,no_vehicle,5,93,136430,1280,10.156,1,2,1,1,1,1
teknik/003_labeled.csv,no_vehicle,5,94,137710,1280,32.813,1,2,1,1,1,1
teknik/003_labeled.csv,no_vehicle,5,95,138990,1280,47.266,1,2,1,1,1,1
teknik/003_labeled.csv,no_vehicle,5,96,140270,1280,17.969,1,2,1,1,1,1
teknik/003_labeled.csv,no_vehicle,5,97,141550,1280,23.828,1,2,1,1,1,1
teknik/003_labeled.csv,no_vehicle,5,98,142830,1280,44.141,1,2,1,1,2,2
teknik/003_labeled.csv,no_vehicle,5,99,144110,1280,40.234,1,3,1,1,1,1
teknik/003_labeled.csv,two_wheel,5,100,145390,1280,25.391,1,3,1,1,1,2
teknik/003_labeled.csv,two_wheel,5,101,146670,1280,3.906,1,2,1,1,1,1
teknik/003_labeled.csv,two_wheel,5,102,147950,1280,14.844,1,2,1,1,1,1
teknik/003_labeled.csv,two_wheel,5,103,149230,1280,28.906,1,3,1,1,2,2
teknik/003_labeled.csv,no_vehicle,5,104,150510,1280,39.063,1,2,1,1,1,1
teknik/003_labeled.csv,no_vehicle,5,105,151790,1280,7.813,1,2,1,1,1,1
teknik/003_labeled.csv,no_vehicle,5,106,153070,1280,8.594,1,2,1,1,1,1
teknik/003_labeled.csv,no_vehicle,5,107,154350,1280,10.547,1,2,1,1,1,1
teknik/003_labeled.csv,no_vehicle,5,108,155630,1280,5.469,1,2,1,1,1,1
teknik/003_labeled.csv,two_wheel,5,109,156910,1280,0.781,1,2,1,1,1,1
teknik/003_labeled.csv,two_wheel,5,110,158190,1280,29.297,1,2,1,1,1,1
teknik/003_labeled.csv,two_wheel,5,111,159470,1280,15.234,1,2,1,1,1,1
teknik/003_labeled.csv,two_wheel,5,112,160750,1280,22.656,1,2,0,1,2,1
teknik/003_labeled.csv,no_vehicle,5,113,162030,1280,32.813,1,2,1,1,1,2
teknik/003_labeled.csv,no_vehicle,5,114,163310,1280,33.203,1,2,1,1,1,2
teknik/003_labeled.csv,no_vehicle,5,115,164590,1280,21.875,1,2,0,1,1,1
teknik/003_labeled.csv,no_vehicle,5,116,165870,1280,21.875,1,2,1,1,1,1
teknik/003_labeled.csv,no_vehicle,5,117,167150,1280,14.063,1,2,1,1,1,1
teknik/003_labeled.csv,no_vehicle,5,118,168430,1280,23.828,1,2,0,1,1,1
teknik/003_labeled.csv,no_vehicle,5,119,169710,1280,20.703,1,2,1,1,1,1
teknik/003_labeled.csv,no_vehicle,5,120,170990,1280,42.578,1,2,1,1,1,1
teknik/003_labeled.csv,no_vehicle,5,121,172270,1280,17.969,1,2,1,1,1,1
teknik/003_labeled.csv,two_wheel,5,122,173550,1280,0.781,1,2,1,1,1,1
teknik/003_labeled.csv,two_wheel,5,123,174830,1280,16.797,1,2,0,1,1,1
teknik/003_labeled.csv,two_wheel,5,124,176110,1280,9.375,1,2,0,1,1,1
teknik/003_labeled.csv,two_wheel,5,125,177390,1280,9.375,1,2,1,1,1,1
teknik/003_labeled.csv,two_wheel,5,126,178670,1280,2.344,1,2,1,1,1,1
teknik/003_labeled.csv,two_wheel,5,127,179950,1280,19.531,1,2,1,1,1,1
teknik/003_labeled.csv,two_wheel,5,128,181230,1280,26.172,1,2,1,1,1,1
teknik/003_labeled.csv,no_vehicle,5,129,182510,1280,19.922,1,2,1,1,1,1
teknik/003_labeled.csv,no_vehicle,5,130,183790,1280,33.594,1,2,1,1,1,1
teknik/003_labeled.csv,no_vehicle,5,131,185070,1280,7.813,1,2,0,1,1,1
teknik/003_labeled.csv,no_vehicle,5,132,186350,1280,33.203,1,2,1,1,1,1
teknik/003_labeled.csv,no_vehicle,5,133,187630,1280,5.078,1,2,1,1,1,1
teknik/003_labeled.csv,no_vehicle,5,134,188910,1280,11.719,1,2,1,1,1,1
teknik/003_labeled.csv,no_vehicle,5,135,190190,1280,31.641,1,2,1,1,1,1
teknik/003_labeled.csv,no_vehicle,5,136,191470,1280,21.875,1,2,1,1,1,1
teknik/003_labeled.csv,no_vehicle,5,137,192750,1280,37.5,1,2,1,1,1,2
teknik/003_labeled.csv,no_vehicle,5,138,194030,1280,6.641,1,2,1,1,1,1
teknik/003_labeled.csv,no_vehicle,5,139,195310,1280,23.828,1,2,1,1,1,1
teknik/003_labeled.csv,no_vehicle,5,140,196590,1280,8.594,1,2,0,1,1,1
teknik/003_labeled.csv,no_vehicle,5,141,197870,1280,32.031,1,2,1,1,1,1
teknik/003_labeled.csv,no_vehicle,5,142,199150,1280,11.328,1,2,1,1,1,1
teknik/003_labeled.csv,no_vehicle,5,143,200430,1280,48.438,1,2,1,1,1,2
teknik/003_labeled.csv,no_vehicle,5,144,201710,1280,28.516,1,2,1,1,1,1
teknik/003_labeled.csv,no_vehicle,5,145,202990,1280,30.469,1,2,1,1,1,1
teknik/003_labeled.csv,no_vehicle,5,146,204270,1280,7.813,1,2,1,1,1,2
teknik/003_labeled.csv,no_vehicle,5,147,205550,1280,23.047,1,2,1,1,1,1
teknik/003_labeled.csv,no_vehicle,5,148,206830,1280,8.203,1,2,1,1,1,1
teknik/003_labeled.csv,no_vehicle,5,149,208110,1280,19.141,1,2,1,1,1,1
teknik/003_labeled.csv,no_vehicle,5,150,209390,1280,7.813,1,2,0,1,1,1
teknik/003_labeled.csv,no_vehicle,5,151,210670,1280,31.641,1,2,1,1,1,1
teknik/003_labeled.csv,no_vehicle,5,152,211950,1280,12.891,1,2,1,1,1,1
teknik/003_labeled.csv,no_vehicle,5,153,213230,1280,4.688,1,2,1,1,1,1
teknik/003_labeled.csv,no_vehicle,5,154,214510,1280,3.125,1,2,1,1,1,1
teknik/003_labeled.csv,no_vehicle,5,155,215790,1280,9.766,1,2,1,1,1,1
teknik/003_labeled.csv,no_vehicle,5,156,217070,1280,37.891,1,2,1,1,1,1
teknik/003_labeled.csv,no_vehicle,5,157,218350,1280,17.969,1,2,1,1,1,1
teknik/003_labeled.csv,no_vehicle,5,158,219630,1280,1.172,1,2,1,1,1,1
teknik/003_labeled.csv,two_wheel,5,159,220910,1280,23.047,1,2,0,1,1,1
teknik/003_labeled.csv,two_wheel,5,160,222190,1280,43.75,1,2,1,1,1,2
teknik/003_labeled.csv,two_wheel,5,161,223470,1280,26.953,1,2,1,1,1,1
teknik/003_labeled.csv,no_vehicle,5,162,224750,1280,26.172,1,2,1,1,1,1
teknik/003_labeled.csv,no_vehicle,5,163,226030,1280,20.703,1,2,1,1,1,1
teknik/003_labeled.csv,no_vehicle,5,164,227310,1280,26.172,1,2,1,1,1,1
teknik/003_labeled.csv,no_vehicle,5,165,228590,1280,14.063,1,2,1,1,1,1
teknik/003_labeled.csv,no_vehicle,5,166,229870,1280,16.797,1,2,1,1,1,1
teknik/003_labeled.csv,no_vehicle,5,167,231150,1280,2.344,1,2,1,1,1,1
teknik/003_labeled.csv,no_vehicle,5,168,232430,1280,8.203,1,2,1,1,1,1
teknik/003_labeled.csv,no_vehicle,5,169,233710,1280,39.844,1,2,1,1,1,1
teknik/003_labeled.csv,no_vehicle,5,170,234990,1280,12.5,1,2,1,1,1,1
teknik/003_labeled.csv,no_vehicle,5,171,236270,1280,14.453,1,2,1,1,1,1
teknik/003_labeled.csv,no_vehicle,5,172,237550,1280,33.984,1,2,0,1,1,1
teknik/003_labeled.csv,no_vehicle,5,173,238830,1280,9.766,1,2,0,1,1,1
teknik/003_labeled.csv,no_vehicle,5,174,240110,1280,4.688,1,2,1,1,1,1
teknik/003_labeled.csv,no_vehicle,5,175,241390,1280,20.313,1,2,1,1,1,1
teknik/003_labeled.csv,no_vehicle,5,176,242670,1280,21.875,1,2,1,1,1,1
teknik/003_labeled.csv,no_vehicle,5,177,243950,1280,26.953,1,2,0,1,1,1
teknik/003_labeled.csv,two_wheel,5,178,245230,1280,1.172,1,2,1,1,1,1
teknik/003_labeled.csv,two_wheel,5,179,246510,1280,21.484,1,2,1,1,1,1
teknik/003_labeled.csv,two_wheel,5,181,249070,1280,12.891,1,2,1,1,1,1
teknik/003_labeled.csv,two_wheel,5,182,250350,1280,12.5,1,2,1,1,1,1
teknik/003_labeled.csv,two_wheel,5,183,251630,1280,15.234,1,2,1,1,1,1
teknik/003_labeled.csv,two_wheel,5,184,252910,1280,6.641,1,2,1,1,1,1
teknik/003_labeled.csv,no_vehicle,5,185,254190,1280,34.766,1,2,1,1,1,1
teknik/003_labeled.csv,no_vehicle,5,186,255470,1280,33.203,1,2,1,1,1,2
teknik/003_labeled.csv,no_vehicle,5,187,256750,1280,29.688,1,2,1,1,1,2
teknik/003_labeled.csv,two_wheel,5,188,258030,1280,18.75,1,2,1,1,1,1
teknik/003_labeled.csv,two_wheel,5,189,259310,1280,19.141,1,2,1,1,1,1
teknik/003_labeled.csv,two_wheel,5,190,260590,1280,41.016,1,2,1,1,1,1
teknik/003_labeled.csv,two_wheel,5,191,261870,1280,37.891,1,2,1,1,1,1
teknik/003_labeled.csv,two_wheel,5,192,263150,1280,2.344,1,2,1,1,1,1
teknik/003_labeled.csv,two_wheel,5,193,264430,1280,28.125,1,2,1,1,1,1
teknik/003_labeled.csv,no_vehicle,5,194,265710,1280,10.938,1,2,1,1,1,1
teknik/003_labeled.csv,no_vehicle,5,195,266990,1280,5.469,1,2,1,1,1,1
teknik/003_labeled.csv,no_vehicle,5,196,268270,1280,13.672,1,2,0,1,1,1
teknik/003_labeled.csv,no_vehicle,5,197,269550,1280,3.906,1,2,1,1,1,1
teknik/003_labeled.csv,no_vehicle,5,198,270830,1280,5.078,1,2,1,1,1,1
teknik/003_labeled.csv,no_vehicle,5,199,272110,1280,3.516,1,2,1,1,1,1
teknik/003_labeled.csv,no_vehicle,5,200,273390,1280,32.031,1,2,1,1,1,1
teknik/003_labeled.csv,no_vehicle,5,201,274670,1280,24.219,1,2,1,1,1,1
teknik/003_labeled.csv,no_vehicle,5,202,275950,1280,5.078,1,2,1,1,1,1
teknik/003_labeled.csv,no_vehicle,5,203,277230,1280,12.5,1,2,1,1,1,1
teknik/003_labeled.csv,no_vehicle,5,204,278510,1280,31.25,1,2,1,1,1,1
teknik/003_labeled.csv,no_vehicle,5,205,279790,1280,4.688,1,2,1,1,1,1
teknik/003_labeled.csv,no_vehicle,5,206,281070,1280,34.375,1,2,1,1,1,1
teknik/003_labeled.csv,no_vehicle,5,207,282350,1280,19.141,1,2,1,1,1,1
teknik/003_labeled.csv,no_vehicle,5,208,283630,1280,48.438,1,2,1,1,1,1
teknik/003_labeled.csv,four_wheel,5,209,284910,1280,14.844,1,2,1,1,1,1
teknik/003_labeled.csv,four_wheel,5,210,286190,1280,39.844,1,2,1,1,1,2
teknik/003_labeled.csv,four_wheel,5,211,287470,1280,2.344,1,2,1,1,1,1
teknik/003_labeled.csv,four_wheel,5,212,288750,1280,8.594,1,2,1,1,1,1
teknik/003_labeled.csv,no_vehicle,5,213,290030,1280,26.172,1,2,1,1,1,1
teknik/003_labeled.csv,no_vehicle,5,214,291310,1280,1.172,1,2,1,1,1,2
teknik/003_labeled.csv,no_vehicle,5,215,292590,1280,28.906,1,2,1,1,1,1
teknik/003_labeled.csv,no_vehicle,5,216,293870,1280,23.438,1,2,0,1,1,1
teknik/003_labeled.csv,no_vehicle,5,217,295150,1280,10.938,1,2,1,1,1,1
teknik/003_labeled.csv,no_vehicle,5,218,296430,1280,11.719,1,2,1,1,1,1
teknik/003_labeled.csv,no_vehicle,5,219,297710,1280,19.141,1,2,1,1,1,1
teknik/003_labeled.csv,two_wheel,5,220,298990,1280,39.063,1,2,1,1,1,1
teknik/003_labeled.csv,two_wheel,5,221,300270,1280,24.219,1,2,1,1,1,1
teknik/003_labeled.csv,two_wheel,5,222,301550,1280,39.063,1,2,1,1,1,1
teknik/003_labeled.csv,no_vehicle,5,223,302830,1280,3.125,1,2,1,1,1,1
teknik/003_labeled.csv,no_vehicle,5,224,304110,1280,23.047,1,2,1,1,1,1
teknik/003_labeled.csv,no_vehicle,5,225,305390,1280,21.094,1,2,1,1,1,1
teknik/003_labeled.csv,no_vehicle,5,226,306670,1280,23.828,1,2,1,1,1,1
teknik/003_labeled.csv,no_vehicle,5,227,307950,1280,36.328,1,2,1,1,1,1
teknik/003_labeled.csv,no_vehicle,5,228,309230,1280,25.0,1,2,1,1,1,1
teknik/003_labeled.csv,no_vehicle,5,229,310510,1280,6.641,1,2,1,1,1,1
teknik/003_labeled.csv,no_vehicle,5,230,311790,1280,42.578,1,2,1,1,1,1
teknik/003_labeled.csv,no_vehicle,5,231,313070,1280,4.688,1,2,1,1,1,1
teknik/003_labeled.csv,two_wheel,5,232,314350,1280,6.641,1,2,0,1,1,1
teknik/003_labeled.csv,two_wheel,5,233,315630,1280,21.094,1,2,1,1,1,1
teknik/003_labeled.csv,two_wheel,5,234,316910,1280,2.734,1,2,1,1,1,1
teknik/003_labeled.csv,no_vehicle,5,235,318190,1280,12.109,1,2,1,1,1,1
teknik/003_labeled.csv,no_vehicle,5,236,319470,1280,15.234,1,2,0,1,1,1
teknik/003_labeled.csv,two_wheel,5,237,320750,1280,26.563,1,2,1,1,1,1
teknik/003_labeled.csv,two_wheel,5,238,322030,1280,33.594,1,2,1,1,1,1
teknik/003_labeled.csv,two_wheel,5,239,323310,1280,6.641,1,2,1,1,1,1
teknik/003_labeled.csv,no_vehicle,5,240,324590,1280,28.516,1,2,1,1,1,1
teknik/003_labeled.csv,no_vehicle,5,241,325870,1280,23.828,1,2,1,1,1,1
teknik/003_labeled.csv,no_vehicle,5,242,327150,1280,20.703,1,2,1,1,1,1
teknik/003_labeled.csv,no_vehicle,5,243,328430,1280,14.453,1,2,0,1,1,1
teknik/003_labeled.csv,no_vehicle,5,244,329710,1280,33.594,1,2,1,1,1,1
teknik/003_labeled.csv,no_vehicle,5,245,330990,1280,23.828,1,2,1,1,1,1
teknik/003_labeled.csv,two_wheel,5,246,332270,1280,9.375,1,2,1,1,1,1
teknik/003_labeled.csv,two_wheel,5,247,333550,1280,17.188,1,2,1,1,1,1
teknik/003_labeled.csv,two_wheel,5,248,334830,1280,36.719,1,2,0,1,1,1
teknik/003_labeled.csv,two_wheel,5,249,336110,1280,11.719,1,2,1,1,1,1
teknik/003_labeled.csv,two_wheel,5,250,337390,1280,6.25,1,2,1,1,1,1
teknik/003_labeled.csv,no_vehicle,5,251,338670,1280,47.266,1,2,1,1,1,2
teknik/003_labeled.csv,no_vehicle,5,252,339950,1280,15.234,1,2,1,1,1,1
teknik/003_labeled.csv,no_vehicle,5,253,341230,1280,15.234,1,2,1,1,1,1
teknik/003_labeled.csv,no_vehicle,5,254,342510,1280,10.547,1,2,1,1,1,1
teknik/003_labeled.csv,no_vehicle,5,255,343790,1280,28.125,1,2,1,1,1,1
teknik/003_labeled.csv,four_wheel,5,256,345070,1280,20.703,1,2,1,1,1,1
teknik/003_labeled.csv,four_wheel,5,257,346350,1280,25.391,1,2,1,1,1,1
teknik/003_labeled.csv,four_wheel,5,258,347630,1280,39.453,1,2,1,1,1,1
teknik/003_labeled.csv,no_vehicle,5,259,348910,1280,6.641,1,2,0,1,1,1
teknik/003_labeled.csv,no_vehicle,5,260,350190,1280,7.813,1,2,1,1,1,1
teknik/003_labeled.csv,no_vehicle,5,261,351470,1280,7.813,1,2,1,1,1,1
teknik/003_labeled.csv,no_vehicle,5,262,352750,1280,0.781,1,2,1,1,1,1
teknik/003_labeled.csv,no_vehicle,5,263,354030,1280,1.172,1,2,1,1,1,1
teknik/003_labeled.csv,no_vehicle,5,264,355310,1280,5.859,1,2,1,1,1,2
teknik/003_labeled.csv,no_vehicle,5,265,356590,1280,26.563,1,2,1,1,2,1
teknik/003_labeled.csv,no_vehicle,5,266,357870,1280,2.734,1,2,1,1,1,1
teknik/003_labeled.csv,no_vehicle,5,267,359150,1280,22.266,1,2,1,1,1,1
teknik/003_labeled.csv,no_vehicle,5,268,360430,1280,28.125,1,2,1,1,1,1
teknik/003_labeled.csv,no_vehicle,5,269,361710,1280,9.766,1,2,1,1,1,1
teknik/003_labeled.csv,no_vehicle,5,270,362990,1280,13.672,1,2,1,1,1,1
teknik/003_labeled.csv,no_vehicle,5,271,364270,1280,33.984,1,2,1,1,1,1
teknik/003_labeled.csv,no_vehicle,5,272,365550,1280,9.375,1,2,1,1,1,1
teknik/003_labeled.csv,no_vehicle,5,273,366830,1280,1.172,1,2,1,1,1,1
teknik/003_labeled.csv,no_vehicle,5,274,368110,1280,7.813,1,2,1,1,1,1
teknik/003_labeled.csv,two_wheel,5,275,369390,1280,23.047,1,2,1,1,1,1
teknik/003_labeled.csv,two_wheel,5,276,370670,1280,2.734,1,2,1,1,1,1
teknik/003_labeled.csv,two_wheel,5,277,371950,1280,3.516,1,2,1,1,1,1
teknik/003_labeled.csv,no_vehicle,5,278,373230,1280,3.125,1,2,1,1,1,1
teknik/003_labeled.csv,no_vehicle,5,279,374510,1280,43.359,1,2,0,1,1,1
teknik/003_labeled.csv,no_vehicle,5,280,375790,1280,32.813,1,2,1,1,2,2
teknik/003_labeled.csv,no_vehicle,5,281,377070,1280,32.813,1,2,1,1,1,1
teknik/003_labeled.csv,no_vehicle,5,282,378350,1280,32.422,1,2,1,1,1,1
teknik/003_labeled.csv,four_wheel,5,283,379630,1280,8.984,1,2,1,1,1,1
teknik/003_labeled.csv,four_wheel,5,284,380910,1280,35.547,1,2,1,1,1,1
teknik/003_labeled.csv,four_wheel,5,285,382190,1280,21.094,1,2,1,1,1,1
teknik/003_labeled.csv,two_wheel,5,286,383470,1280,2.734,1,2,1,1,1,1
teknik/003_labeled.csv,two_wheel,5,287,384750,1280,41.797,1,2,1,1,1,1
teknik/003_labeled.csv,no_vehicle,5,288,386030,1280,6.25,1,2,1,1,1,1
teknik/003_labeled.csv,no_vehicle,5,289,387310,1280,8.594,1,2,1,1,1,1
teknik/003_labeled.csv,no_vehicle,5,290,388590,1280,37.891,1,2,1,1,1,1
teknik/003_labeled.csv,no_vehicle,5,291,389870,1280,8.984,1,2,0,1,1,1
teknik/003_labeled.csv,no_vehicle,5,292,391150,1280,28.516,1,2,1,1,1,1
teknik/003_labeled.csv,no_vehicle,5,293,392430,1280,14.453,1,2,1,1,1,1
teknik/003_labeled.csv,two_wheel,5,294,393710,1280,12.891,1,2,1,1,1,1
teknik/003_labeled.csv,two_wheel,5,295,394990,1280,16.797,1,2,1,1,1,1
teknik/003_labeled.csv,two_wheel,5,296,396270,1280,46.875,1,2,1,1,1,1
teknik/003_labeled.csv,two_wheel,5,297,397550,1280,31.641,1,2,1,1,1,1
teknik/003_labeled.csv,no_vehicle,5,298,398830,1280,30.469,1,2,1,1,1,1
teknik/003_labeled.csv,no_vehicle,5,299,400110,1280,40.625,1,2,1,1,1,1
teknik/003_labeled.csv,no_vehicle,5,300,401390,1280,48.828,1,2,0,1,1,1
teknik/003_labeled.csv,two_wheel,5,301,402670,1280,7.031,1,2,0,1,1,1
teknik/003_labeled.csv,two_wheel,5,302,403950,1280,41.797,1,2,1,1,1,1
teknik/003_labeled.csv,two_wheel,5,303,405230,1280,30.469,1,2,1,1,1,1
teknik/003_labeled.csv,two_wheel,5,304,406510,1280,26.172,1,2,1,1,1,1
teknik/003_labeled.csv,no_vehicle,5,305,407790,1280,8.984,1,2,1,1,1,1
teknik/003_labeled.csv,no_vehicle,5,306,409070,1280,21.875,1,2,0,1,1,1
teknik/003_labeled.csv,no_vehicle,5,307,410350,1280,21.875,1,2,1,1,1,1
teknik/003_labeled.csv,no_vehicle,5,308,411630,1280,13.281,1,2,1,1,1,1
teknik/003_labeled.csv,no_vehicle,5,309,412910,1280,41.016,1,2,1,1,1,2
teknik/003_labeled.csv,no_vehicle,5,310,414190,1280,27.734,1,2,1,1,1,1
teknik/003_labeled.csv,two_wheel,5,311,415470,1280,3.906,1,2,1,1,1,1
teknik/003_labeled.csv,two_wheel,5,312,416750,1280,3.125,1,2,1,1,1,1
teknik/003_labeled.csv,two_wheel,5,313,418030,1280,25.391,1,2,1,1,1,1
teknik/003_labeled.csv,two_wheel,5,314,419310,1280,15.625,1,2,1,1,1,1
teknik/003_labeled.csv,no_vehicle,5,315,420590,1280,27.344,1,2,1,1,1,1
teknik/003_labeled.csv,no_vehicle,5,316,421870,1280,35.547,1,2,0,1,1,1
teknik/003_labeled.csv,no_vehicle,5,317,423150,1280,2.344,1,2,1,1,1,1
teknik/003_labeled.csv,no_vehicle,5,318,424430,1280,14.453,1,2,0,1,1,1
teknik/003_labeled.csv,no_vehicle,5,319,425710,1280,5.859,1,2,1,1,1,1
teknik/003_labeled.csv,no_vehicle,5,320,426990,1280,42.578,1,2,1,1,1,1
teknik/003_labeled.csv,no_vehicle,5,321,428270,1280,35.938,1,2,1,1,1,2
teknik/003_labeled.csv,no_vehicle,5,322,429550,1280,16.406,1,2,1,1,1,1
teknik/003_labeled.csv,no_vehicle,5,323,430830,1280,39.063,1,2,1,1,1,1
teknik/003_labeled.csv,no_vehicle,5,324,432110,1280,26.953,1,2,1,1,1,1
teknik/003_labeled.csv,no_vehicle,5,325,433390,1280,6.641,1,2,1,1,1,1
teknik/003_labeled.csv,no_vehicle,5,326,434670,1280,10.547,1,2,1,1,1,1
teknik/003_labeled.csv,no_vehicle,5,327,435950,1280,22.266,1,2,1,1,1,1
teknik/003_labeled.csv,no_vehicle,5,328,437230,1280,25.391,1,2,1,1,1,1
teknik/003_labeled.csv,no_vehicle,5,329,438510,1280,16.406,1,2,1,1,1,1
teknik/003_labeled.csv,no_vehicle,5,330,439790,1280,35.156,1,2,1,1,1,2
teknik/003_labeled.csv,two_wheel,5,331,441070,1280,12.109,1,2,1,1,1,1
teknik/003_labeled.csv,two_wheel,5,332,442350,1280,10.938,1,2,1,1,1,1
teknik/003_labeled.csv,two_wheel,5,333,443630,1280,34.766,1,2,1,1,1,1
teknik/003_labeled.csv,two_wheel,5,334,444910,1280,10.938,1,2,0,1,1,1
teknik/003_labeled.csv,two_wheel,5,335,446190,1280,22.656,1,2,1,1,1,1
teknik/003_labeled.csv,no_vehicle,5,336,447470,1280,20.313,1,2,1,1,1,1
teknik/003_labeled.csv,no_vehicle,5,337,448750,1280,38.281,1,2,0,1,1,1
teknik/003_labeled.csv,no_vehicle,5,338,450030,1280,38.281,1,2,1,1,1,1
teknik/003_labeled.csv,no_vehicle,5,339,451310,1280,23.828,1,2,1,1,1,1
teknik/003_labeled.csv,no_vehicle,5,340,452590,1280,27.344,1,2,1,1,1,1
teknik/003_labeled.csv,unknown,5,341,453870,1280,35.156,1,2,1,1,1,1
teknik/003_labeled.csv,unknown,5,342,455150,1280,10.547,1,2,1,1,1,2
teknik/003_labeled.csv,unknown,5,343,456430,1280,6.641,1,2,1,1,1,1
teknik/003_labeled.csv,unknown,5,344,457710,1280,10.547,1,2,1,1,1,1
teknik/003_labeled.csv,unknown,5,345,458990,1280,25.391,1,2,1,1,1,1
teknik/003_labeled.csv,no_vehicle,5,346,460270,1280,24.219,1,3,1,2,2,2
teknik/003_labeled.csv,no_vehicle,5,347,461550,1280,33.203,1,2,1,1,1,1
teknik/003_labeled.csv,no_vehicle,5,348,462830,1280,37.5,1,2,0,1,1,1
teknik/003_labeled.csv,no_vehicle,5,349,464110,1280,18.359,1,2,1,1,1,1
teknik/003_labeled.csv,no_vehicle,5,350,465390,1280,21.094,1,2,0,1,1,1
teknik/003_labeled.csv,no_vehicle,5,351,466670,1280,0.391,1,2,1,1,1,1
teknik/003_labeled.csv,no_vehicle,5,352,467950,1280,14.063,1,2,1,1,1,1
teknik/003_labeled.csv,no_vehicle,5,353,469230,1280,0.781,1,2,1,1,1,1
teknik/003_labeled.csv,no_vehicle,5,354,470510,1280,20.703,1,2,1,1,1,1
teknik/003_labeled.csv,two_wheel,5,355,471790,1280,36.328,1,2,1,1,1,1
teknik/003_labeled.csv,two_wheel,5,356,473070,1280,3.125,1,2,1,1,1,1
teknik/003_labeled.csv,two_wheel,5,357,474350,1280,7.813,1,2,1,1,1,1
teknik/003_labeled.csv,two_wheel,5,358,475630,1280,1.563,1,2,1,1,1,1
teknik/003_labeled.csv,two_wheel,5,359,476910,1280,17.578,1,2,1,1,1,1
teknik/003_labeled.csv,two_wheel,5,360,478190,1280,5.078,1,2,1,1,1,1
teknik/003_labeled.csv,two_wheel,5,361,479470,1280,48.828,1,2,1,1,1,1
teknik/003_labeled.csv,no_vehicle,5,362,480750,1280,21.875,1,2,1,1,2,1
teknik/003_labeled.csv,no_vehicle,5,363,482030,1280,2.344,1,2,1,1,1,1
teknik/003_labeled.csv,no_vehicle,5,364,483310,1280,47.656,1,2,1,1,1,1
teknik/003_labeled.csv,no_vehicle,5,365,484590,1280,16.797,1,2,1,1,1,1
teknik/003_labeled.csv,no_vehicle,5,366,485870,1280,0.391,1,2,1,1,1,1
teknik/003_labeled.csv,no_vehicle,5,367,487150,1280,19.922,1,2,1,1,1,1
teknik/003_labeled.csv,no_vehicle,5,368,488430,1280,2.344,1,2,1,1,1,1
teknik/003_labeled.csv,no_vehicle,5,369,489710,1280,32.422,1,2,1,1,1,1
teknik/003_labeled.csv,no_vehicle,5,370,490990,1280,6.25,1,2,1,1,1,1
teknik/003_labeled.csv,no_vehicle,5,371,492270,1280,36.719,1,2,1,1,1,1
teknik/003_labeled.csv,no_vehicle,5,372,493550,1280,9.766,1,2,1,1,1,1
teknik/003_labeled.csv,no_vehicle,5,373,494830,1280,14.063,1,2,0,1,1,1
teknik/003_labeled.csv,no_vehicle,5,374,496110,1280,15.234,1,2,1,1,1,2
teknik/003_labeled.csv,no_vehicle,5,375,497390,1280,12.109,1,2,1,1,1,1
teknik/003_labeled.csv,no_vehicle,5,376,498670,1280,8.984,1,2,1,1,1,1
teknik/003_labeled.csv,no_vehicle,5,377,499950,1280,34.375,1,2,1,1,1,1
teknik/003_labeled.csv,no_vehicle,5,378,501230,1280,10.547,1,2,0,1,1,1
teknik/003_labeled.csv,no_vehicle,5,379,502510,1280,40.625,1,2,1,1,1,1
teknik/003_labeled.csv,no_vehicle,5,380,503790,1280,38.281,1,2,1,1,1,1
teknik/003_labeled.csv,no_vehicle,5,381,505070,1280,37.891,1,2,1,1,1,1
teknik/003_labeled.csv,no_vehicle,5,382,506350,1280,37.891,1,2,1,1,1,1
teknik/003_labeled.csv,no_vehicle,5,383,507630,1280,8.203,1,2,1,1,1,1
teknik/003_labeled.csv,no_vehicle,5,384,508910,1280,28.125,1,2,1,1,1,1
teknik/003_labeled.csv,no_vehicle,5,385,510190,1280,5.859,1,2,1,1,1,1
teknik/003_labeled.csv,no_vehicle,5,386,511470,1280,35.547,1,2,1,1,1,1
teknik/003_labeled.csv,no_vehicle,5,387,512750,1280,21.484,1,2,1,1,1,1
teknik/003_labeled.csv,no_vehicle,5,388,514030,1280,43.359,1,2,0,1,1,1
teknik/003_labeled.csv,no_vehicle,5,389,515310,1280,5.078,1,2,1,1,1,1
teknik/003_labeled.csv,no_vehicle,5,390,516590,1280,16.016,1,2,1,1,1,1
teknik/003_labeled.csv,no_vehicle,5,391,517870,1280,2.734,1,2,1,1,1,1
teknik/003_labeled.csv,no_vehicle,5,392,519150,1280,43.75,1,2,1,1,1,1
teknik/003_labeled.csv,no_vehicle,5,393,520430,1280,7.422,1,2,1,1,1,1
teknik/003_labeled.csv,no_vehicle,5,394,521710,1280,5.078,1,2,1,1,1,1
teknik/003_labeled.csv,no_vehicle,5,395,522990,1280,18.75,1,2,1,1,1,1
teknik/003_labeled.csv,no_vehicle,5,396,524270,1280,8.984,1,2,1,1,1,1
teknik/003_labeled.csv,no_vehicle,5,397,525550,1280,4.297,1,2,1,1,1,1
teknik/003_labeled.csv,no_vehicle,5,398,526830,1280,7.031,1,2,1,1,1,1
teknik/003_labeled.csv,no_vehicle,5,399,528110,1280,7.813,1,2,1,1,1,1
teknik/003_labeled.csv,no_vehicle,5,400,529390,1280,24.609,1,2,1,1,1,1
teknik/003_labeled.csv,no_vehicle,5,401,530670,1280,14.453,1,2,1,1,1,1
teknik/003_labeled.csv,two_wheel,5,402,531950,1280,46.484,1,2,1,1,1,1
teknik/003_labeled.csv,two_wheel,5,403,533230,1280,0.781,1,2,1,1,1,1
teknik/003_labeled.csv,two_wheel,5,404,534510,1280,7.031,1,2,1,1,1,1
teknik/003_labeled.csv,no_vehicle,5,405,535790,1280,14.453,1,2,1,1,1,1
teknik/003_labeled.csv,no_vehicle,5,406,537070,1280,26.953,1,2,1,1,2,1
teknik/003_labeled.csv,no_vehicle,5,407,538350,1280,26.563,1,2,1,1,1,1
teknik/003_labeled.csv,unknown,5,408,539630,1280,37.109,1,2,1,1,1,1
teknik/003_labeled.csv,unknown,5,409,540910,1280,48.828,1,2,1,1,1,1
teknik/003_labeled.csv,unknown,5,410,542190,1280,29.297,1,2,1,1,1,1
teknik/003_labeled.csv,unknown,5,411,543470,1280,5.078,1,2,1,1,1,1
teknik/003_labeled.csv,unknown,5,412,544750,1280,12.891,1,2,1,1,1,1
teknik/003_labeled.csv,no_vehicle,5,413,546030,1280,14.063,1,2,1,1,1,1
teknik/003_labeled.csv,no_vehicle,5,414,547310,1280,14.453,1,2,1,1,1,1
teknik/003_labeled.csv,no_vehicle,5,415,548590,1280,10.156,1,2,1,1,1,1
teknik/003_labeled.csv,no_vehicle,5,416,549870,1280,48.828,1,2,0,1,1,1
teknik/003_labeled.csv,no_vehicle,5,417,551150,1280,26.563,1,2,1,1,1,1
teknik/003_labeled.csv,no_vehicle,5,418,552430,1280,2.344,1,2,1,1,1,1
teknik/003_labeled.csv,no_vehicle,5,419,553710,1280,12.5,1,2,1,1,1,1
teknik/003_labeled.csv,no_vehicle,5,420,554990,1280,3.125,1,2,1,1,1,1
teknik/003_labeled.csv,no_vehicle,5,421,556270,1280,26.953,1,2,1,1,1,1
teknik/003_labeled.csv,no_vehicle,5,422,557550,1280,15.625,1,2,1,1,1,1
teknik/003_labeled.csv,no_vehicle,5,423,558830,1280,19.141,1,2,1,1,1,2
teknik/003_labeled.csv,no_vehicle,5,424,560110,1280,6.25,1,2,1,1,1,1
teknik/003_labeled.csv,no_vehicle,5,425,561390,1280,14.453,1,2,1,1,1,1
teknik/003_labeled.csv,no_vehicle,5,426,562670,1280,2.344,1,2,1,1,1,1
teknik/003_labeled.csv,no_vehicle,5,427,563950,1280,28.125,1,2,1,1,1,1
teknik/003_labeled.csv,no_vehicle,5,428,565230,1280,5.859,1,2,0,1,1,1
teknik/003_labeled.csv,no_vehicle,5,429,566510,1280,30.469,1,2,1,1,1,1
teknik/003_labeled.csv,no_vehicle,5,430,567790,1280,25.0,1,2,1,1,1,1
teknik/003_labeled.csv,no_vehicle,5,431,569070,1280,4.688,1,2,1,1,1,1
teknik/003_labeled.csv,no_vehicle,5,432,570350,1280,28.125,1,2,1,1,1,1
teknik/003_labeled.csv,no_vehicle,5,433,571630,1280,46.094,1,2,1,1,1,1
teknik/003_labeled.csv,no_vehicle,5,434,572910,1280,7.813,1,2,1,1,1,1
teknik/003_labeled.csv,no_vehicle,5,435,574190,1280,27.734,1,2,1,1,1,1
teknik/003_labeled.csv,no_vehicle,5,436,575470,1280,3.516,1,2,1,1,1,1
teknik/003_labeled.csv,no_vehicle,5,437,576750,1280,17.188,1,2,1,1,1,1
teknik/003_labeled.csv,no_vehicle,5,438,578030,1280,5.469,1,2,1,1,1,1
teknik/003_labeled.csv,no_vehicle,5,439,579310,1280,16.797,1,2,1,1,1,1
teknik/003_labeled.csv,no_vehicle,5,440,580590,1280,14.453,1,2,1,1,1,1
teknik/003_labeled.csv,no_vehicle,5,441,581870,1280,24.219,1,2,1,1,1,1
teknik/003_labeled.csv,no_vehicle,5,442,583150,1280,41.016,1,2,1,1,1,1
teknik/003_labeled.csv,no_vehicle,5,443,584430,1280,16.406,1,2,1,1,1,1
teknik/003_labeled.csv,no_vehicle,5,444,585710,1280,12.5,1,2,1,1,1,1
teknik/003_labeled.csv,no_vehicle,5,445,586990,1280,12.109,1,2,1,1,1,1
teknik/003_labeled.csv,no_vehicle,5,446,588270,1280,0.781,1,2,1,1,1,1
teknik/003_labeled.csv,no_vehicle,5,447,589550,1280,28.125,1,2,1,1,1,1
teknik/003_labeled.csv,no_vehicle,5,448,590830,1280,9.766,1,2,1,1,1,1
teknik/003_labeled.csv,no_vehicle,5,449,592110,1280,27.344,1,2,1,1,1,1
teknik/003_labeled.csv,no_vehicle,5,450,593390,1280,1.172,1,2,1,1,1,1
teknik/003_labeled.csv,no_vehicle,5,451,594670,1280,6.641,1,2,1,1,1,1
teknik/003_labeled.csv,no_vehicle,5,452,595950,1280,18.75,1,2,1,1,1,1
teknik/003_labeled.csv,no_vehicle,5,453,597230,1280,10.547,1,2,1,1,1,1
teknik/003_labeled.csv,no_vehicle,5,454,598510,1280,35.938,1,2,1,1,1,1
teknik/003_labeled.csv,no_vehicle,5,455,599790,1280,21.875,1,2,1,1,1,1
teknik/003_labeled.csv,no_vehicle,5,456,601070,1280,10.547,1,2,1,1,1,1
teknik/003_labeled.csv,no_vehicle,5,457,602350,1280,2.344,1,2,1,1,1,1
teknik/003_labeled.csv,no_vehicle,5,458,603630,1280,18.75,1,2,1,1,1,1
teknik/003_labeled.csv,no_vehicle,5,459,604910,1280,20.313,1,2,1,1,1,1
teknik/003_labeled.csv,no_vehicle,5,460,606190,1280,42.188,1,2,1,1,1,1
teknik/003_labeled.csv,no_vehicle,5,461,607470,1280,15.625,1,2,1,1,1,1
teknik/003_labeled.csv,no_vehicle,5,462,608750,1280,32.031,1,2,1,1,1,1
teknik/003_labeled.csv,no_vehicle,5,463,610030,1280,24.219,1,2,1,1,1,1
teknik/003_labeled.csv,no_vehicle,5,464,611310,1280,11.719,1,2,1,1,1,1
teknik/003_labeled.csv,no_vehicle,5,465,612590,1280,6.25,1,2,1,1,1,1
teknik/003_labeled.csv,no_vehicle,5,466,613870,1280,9.766,1,2,0,1,1,1
teknik/003_labeled.csv,no_vehicle,5,467,615150,1280,19.141,1,2,1,1,1,1
teknik/003_labeled.csv,no_vehicle,5,468,616430,1280,14.453,1,2,1,1,1,1
teknik/003_labeled.csv,no_vehicle,5,469,617710,1280,10.938,1,2,1,1,1,1
teknik/003_labeled.csv,no_vehicle,5,470,618990,1280,2.734,1,2,1,1,1,2
teknik/003_labeled.csv,no_vehicle,5,471,620270,1280,16.016,1,2,1,1,1,1
teknik/003_labeled.csv,no_vehicle,5,472,621550,1280,12.109,1,2,1,1,1,1
teknik/003_labeled.csv,no_vehicle,5,473,622830,1280,34.766,1,2,1,1,1,1
teknik/003_labeled.csv,no_vehicle,5,474,624110,1280,23.438,1,2,1,1,1,1
teknik/003_labeled.csv,no_vehicle,5,475,625390,1280,45.313,1,2,1,1,1,1
teknik/003_labeled.csv,no_vehicle,5,476,626670,1280,0.781,1,2,1,1,1,1
teknik/003_labeled.csv,no_vehicle,5,477,627950,1280,5.078,1,2,1,1,1,1
teknik/003_labeled.csv,no_vehicle,5,478,629230,1280,6.25,1,2,1,1,1,1
teknik/003_labeled.csv,no_vehicle,5,479,630510,1280,47.266,1,2,1,1,1,1
teknik/003_labeled.csv,no_vehicle,5,480,631790,1280,48.828,1,2,1,1,1,1
teknik/003_labeled.csv,no_vehicle,5,481,633070,1280,43.75,1,2,1,1,1,1
teknik/003_labeled.csv,no_vehicle,5,482,634350,1280,35.938,1,2,1,1,1,2
teknik/003_labeled.csv,no_vehicle,5,483,635630,1280,13.672,1,2,1,1,1,2
teknik/003_labeled.csv,no_vehicle,5,484,636910,1280,25.0,1,2,1,1,1,1
teknik/003_labeled.csv,no_vehicle,5,485,638190,1280,1.172,1,2,1,1,1,1
teknik/003_labeled.csv,no_vehicle,5,486,639470,1280,7.031,1,2,1,1,1,1
teknik/003_labeled.csv,no_vehicle,5,487,640750,1280,15.625,1,2,1,1,1,1
teknik/003_labeled.csv,no_vehicle,5,488,642030,1280,22.656,1,2,1,1,1,1
teknik/003_labeled.csv,no_vehicle,5,489,643310,1280,46.875,1,2,0,1,1,1
teknik/003_labeled.csv,no_vehicle,5,490,644590,1280,19.141,1,2,1,1,1,1
teknik/003_labeled.csv,no_vehicle,5,491,645870,1280,21.875,1,2,0,1,1,1
teknik/003_labeled.csv,no_vehicle,5,492,647150,1280,24.609,1,2,0,1,2,1
teknik/003_labeled.csv,no_vehicle,5,493,648430,1280,38.281,1,2,1,1,1,1
teknik/003_labeled.csv,no_vehicle,5,494,649710,1280,14.453,1,2,1,1,1,1
teknik/003_labeled.csv,no_vehicle,5,495,650990,1280,14.453,1,2,1,1,1,1
teknik/003_labeled.csv,no_vehicle,5,496,652270,1280,19.531,1,2,1,1,1,1
teknik/003_labeled.csv,no_vehicle,5,497,653550,1280,30.078,1,2,1,1,1,1
teknik/003_labeled.csv,no_vehicle,5,498,654830,1280,17.188,1,2,1,1,1,1
teknik/003_labeled.csv,no_vehicle,5,499,656110,1280,27.344,1,2,0,1,1,1
teknik/003_labeled.csv,no_vehicle,5,500,657390,1280,5.078,1,2,1,1,1,1
teknik/003_labeled.csv,no_vehicle,5,501,658670,1280,10.547,1,2,1,1,1,1
teknik/004_labeled.csv,no_vehicle,5,1,34620,0,33.594,1,2,1,1,1,1
teknik/004_labeled.csv,no_vehicle,5,2,35900,1280,41.016,1,2,1,1,1,1
teknik/004_labeled.csv,no_vehicle,5,3,37180,1280,48.438,1,2,1,1,1,1
teknik/004_labeled.csv,no_vehicle,5,4,38460,1280,1.953,1,2,1,1,1,1
teknik/004_labeled.csv,no_vehicle,5,5,39740,1280,36.328,1,2,1,1,1,1
teknik/004_labeled.csv,no_vehicle,5,6,41020,1280,2.344,1,2,1,1,1,1
teknik/004_labeled.csv,no_vehicle,5,7,42300,1280,19.531,1,2,1,1,1,1
teknik/004_labeled.csv,no_vehicle,5,8,43580,1280,21.875,1,2,1,1,1,1
teknik/004_labeled.csv,no_vehicle,5,9,44860,1280,33.203,1,2,1,1,1,1
teknik/004_labeled.csv,no_vehicle,5,10,46140,1280,47.656,1,2,1,1,1,1
teknik/004_labeled.csv,no_vehicle,5,11,47420,1280,14.453,1,2,1,1,1,1
teknik/004_labeled.csv,no_vehicle,5,12,48700,1280,31.641,1,2,1,1,1,1
teknik/004_labeled.csv,no_vehicle,5,13,49980,1280,2.734,1,2,1,1,1,1
teknik/004_labeled.csv,no_vehicle,5,14,51260,1280,23.828,1,2,0,1,1,1
teknik/004_labeled.csv,no_vehicle,5,15,52540,1280,33.594,1,2,1,1,1,1
teknik/004_labeled.csv,no_vehicle,5,16,53820,1280,0.391,1,2,1,1,1,1
teknik/004_labeled.csv,no_vehicle,5,17,55100,1280,8.594,1,2,1,1,1,1
teknik/004_labeled.csv,no_vehicle,5,18,56380,1280,33.203,1,2,1,1,1,1
teknik/004_labeled.csv,no_vehicle,5,19,57660,1280,25.781,1,2,1,1,1,2
teknik/004_labeled.csv,no_vehicle,5,20,58940,1280,4.297,1,2,1,1,1,1
teknik/004_labeled.csv,no_vehicle,5,21,60220,1280,41.016,1,2,1,1,1,1
teknik/004_labeled.csv,no_vehicle,5,22,61500,1280,40.625,1,2,1,1,1,1
teknik/004_labeled.csv,no_vehicle,5,23,62780,1280,18.359,1,2,0,1,1,1
teknik/004_labeled.csv,no_vehicle,5,24,64060,1280,15.234,1,2,1,1,1,1
teknik/004_labeled.csv,no_vehicle,5,25,65340,1280,8.594,1,2,0,1,1,1
teknik/004_labeled.csv,no_vehicle,5,26,66620,1280,26.563,1,2,1,1,1,1
teknik/004_labeled.csv,no_vehicle,5,27,67900,1280,40.234,1,2,1,1,1,1
teknik/004_labeled.csv,no_vehicle,5,28,69180,1280,7.813,1,2,1,1,1,1
teknik/004_labeled.csv,no_vehicle,5,29,70460,1280,39.453,1,2,1,1,1,1
teknik/004_labeled.csv,no_vehicle,5,30,71740,1280,18.75,1,2,1,1,1,1
teknik/004_labeled.csv,no_vehicle,5,31,73020,1280,42.188,1,2,1,1,1,1
teknik/004_labeled.csv,no_vehicle,5,32,74300,1280,12.891,1,2,1,1,1,1
teknik/004_labeled.csv,no_vehicle,5,33,75580,1280,9.766,1,2,1,1,1,1
teknik/004_labeled.csv,no_vehicle,5,34,76860,1280,43.75,1,2,1,1,1,1
teknik/004_labeled.csv,no_vehicle,5,35,78140,1280,25.0,1,2,1,1,1,1
teknik/004_labeled.csv,no_vehicle,5,36,79420,1280,41.016,1,2,1,1,1,1
teknik/004_labeled.csv,no_vehicle,5,37,80700,1280,10.156,1,2,1,1,1,1
teknik/004_labeled.csv,no_vehicle,5,38,81980,1280,9.766,1,2,1,1,1,1
teknik/004_labeled.csv,no_vehicle,5,39,83260,1280,10.547,1,2,1,1,1,2
teknik/004_labeled.csv,no_vehicle,5,40,84540,1280,30.469,1,2,1,1,1,1
teknik/004_labeled.csv,no_vehicle,5,41,85820,1280,5.859,1,2,1,1,1,1
teknik/004_labeled.csv,unknown,5,42,87100,1280,12.109,1,2,1,1,1,1
teknik/004_labeled.csv,unknown,5,43,88380,1280,14.453,1,2,0,1,1,1
teknik/004_labeled.csv,unknown,5,44,89660,1280,9.766,1,2,1,1,1,1
teknik/004_labeled.csv,unknown,5,45,90940,1280,1.953,1,2,1,1,1,1
teknik/004_labeled.csv,unknown,5,46,92220,1280,27.344,1,2,1,1,1,1
teknik/004_labeled.csv,unknown,5,47,93500,1280,16.406,1,2,1,1,1,1
teknik/004_labeled.csv,unknown,5,48,94780,1280,28.906,1,2,1,1,1,1
teknik/004_labeled.csv,no_vehicle,5,49,96060,1280,1.563,1,2,1,1,1,1
teknik/004_labeled.csv,no_vehicle,5,50,97340,1280,49.609,1,2,1,1,1,1
teknik/004_labeled.csv,no_vehicle,5,51,98620,1280,5.078,1,2,1,1,1,1
teknik/004_labeled.csv,no_vehicle,5,52,99900,1280,48.047,1,2,1,1,1,1
teknik/004_labeled.csv,no_vehicle,5,53,101180,1280,47.266,1,2,1,1,1,1
teknik/004_labeled.csv,no_vehicle,5,54,102460,1280,43.75,1,2,1,1,1,1
teknik/004_labeled.csv,no_vehicle,5,55,103740,1280,47.266,1,2,1,1,1,1
teknik/004_labeled.csv,unknown,5,56,105020,1280,40.234,1,2,1,1,1,1
teknik/004_labeled.csv,unknown,5,57,106300,1280,1.953,1,2,1,1,1,1
teknik/004_labeled.csv,unknown,5,58,107580,1280,4.688,1,2,1,1,1,1
teknik/004_labeled.csv,unknown,5,59,108860,1280,30.469,1,2,1,1,1,1
teknik/004_labeled.csv,unknown,5,60,110140,1280,29.688,1,2,1,1,1,1
teknik/004_labeled.csv,no_vehicle,5,61,111420,1280,16.016,1,2,1,1,1,1
teknik/004_labeled.csv,no_vehicle,5,62,112700,1280,24.609,1,2,1,1,1,2
teknik/004_labeled.csv,no_vehicle,5,63,113980,1280,1.172,1,2,1,1,1,1
teknik/004_labeled.csv,no_vehicle,5,64,115260,1280,24.219,1,2,0,1,1,1
teknik/004_labeled.csv,no_vehicle,5,65,116540,1280,24.219,1,2,1,1,1,1
teknik/004_labeled.csv,no_vehicle,5,66,117820,1280,5.859,1,2,1,1,1,1
teknik/004_labeled.csv,two_wheel,5,67,119100,1280,6.641,1,2,1,1,1,1
teknik/004_labeled.csv,two_wheel,5,68,120380,1280,20.313,1,2,1,1,1,1
teknik/004_labeled.csv,no_vehicle,5,69,121660,1280,29.688,1,2,0,1,1,1
teknik/004_labeled.csv,no_vehicle,5,70,122940,1280,14.063,1,2,0,1,1,1
teknik/004_labeled.csv,no_vehicle,5,71,124220,1280,13.281,1,2,1,1,1,1
teknik/004_labeled.csv,unknown,5,72,125500,1280,3.906,1,2,1,1,1,1
teknik/004_labeled.csv,unknown,5,73,126780,1280,39.844,1,2,1,1,1,1
teknik/004_labeled.csv,unknown,5,74,128060,1280,25.781,1,2,1,1,1,1
teknik/004_labeled.csv,unknown,5,75,129340,1280,48.828,1,2,1,1,1,1
teknik/004_labeled.csv,unknown,5,76,130620,1280,14.453,1,2,1,1,1,1
teknik/004_labeled.csv,unknown,5,77,131900,1280,1.563,1,2,1,1,1,1
teknik/004_labeled.csv,no_vehicle,5,78,133180,1280,3.516,1,2,1,1,1,1
teknik/004_labeled.csv,no_vehicle,5,79,134460,1280,19.141,1,2,1,1,1,1
teknik/004_labeled.csv,no_vehicle,5,80,135740,1280,1.172,1,2,1,1,1,1
teknik/004_labeled.csv,no_vehicle,5,81,137020,1280,0.391,1,2,1,1,1,1
teknik/004_labeled.csv,no_vehicle,5,82,138300,1280,16.016,1,2,1,1,1,1
teknik/004_labeled.csv,no_vehicle,5,83,139580,1280,28.125,1,2,1,1,1,1
teknik/004_labeled.csv,no_vehicle,5,84,140860,1280,20.313,1,2,1,1,1,1
teknik/004_labeled.csv,no_vehicle,5,85,142140,1280,5.469,1,2,1,1,1,1
teknik/004_labeled.csv,no_vehicle,5,86,143420,1280,45.703,1,2,1,1,1,2
teknik/004_labeled.csv,no_vehicle,5,87,144700,1280,6.641,1,2,1,1,1,1
teknik/004_labeled.csv,two_wheel,5,88,145980,1280,5.859,1,2,0,1,1,1
teknik/004_labeled.csv,two_wheel,5,89,147260,1280,7.813,1,2,0,1,1,1
teknik/004_labeled.csv,two_wheel,5,90,148540,1280,28.125,1,2,1,1,1,1
teknik/004_labeled.csv,unknown,5,91,149820,1280,30.469,1,2,1,1,1,1
teknik/004_labeled.csv,unknown,5,92,151100,1280,30.469,1,2,1,1,1,1
teknik/004_labeled.csv,unknown,5,93,152380,1280,14.063,1,2,1,1,1,1
teknik/004_labeled.csv,unknown,5,94,153660,1280,9.766,1,2,1,1,1,1
teknik/004_labeled.csv,unknown,5,95,154940,1280,39.453,1,2,1,1,1,1
teknik/004_labeled.csv,no_vehicle,5,96,156220,1280,1.172,1,2,1,1,1,1
teknik/004_labeled.csv,no_vehicle,5,97,157500,1280,14.063,1,2,1,1,1,1
teknik/004_labeled.csv,unknown,5,98,158780,1280,49.219,1,2,1,1,1,1
teknik/004_labeled.csv,unknown,5,99,160060,1280,13.281,1,2,1,1,1,1
teknik/004_labeled.csv,unknown,5,100,161340,1280,3.125,1,2,1,1,1,1
teknik/004_labeled.csv,two_wheel,5,101,162620,1280,21.875,1,2,1,1,1,1
teknik/004_labeled.csv,two_wheel,5,102,163900,1280,17.578,1,2,1,1,1,1
teknik/004_labeled.csv,two_wheel,5,103,165180,1280,48.828,1,2,1,1,1,1
teknik/004_labeled.csv,two_wheel,5,104,166460,1280,25.781,1,2,1,1,1,1
teknik/004_labeled.csv,two_wheel,5,105,167740,1280,39.844,1,2,1,1,1,1
teknik/004_labeled.csv,two_wheel,5,106,169020,1280,35.156,1,2,1,1,1,1
teknik/004_labeled.csv,no_vehicle,5,107,170300,1280,29.688,1,2,1,1,1,1
teknik/004_labeled.csv,no_vehicle,5,108,171580,1280,39.063,1,2,1,1,1,2
teknik/004_labeled.csv,no_vehicle,5,109,172860,1280,25.0,1,2,1,1,1,1
teknik/004_labeled.csv,no_vehicle,5,110,174140,1280,2.734,1,2,1,1,1,1
teknik/004_labeled.csv,no_vehicle,5,111,175420,1280,23.047,1,2,1,1,1,1
teknik/004_labeled.csv,no_vehicle,5,112,176700,1280,23.828,1,2,1,1,1,1
teknik/004_labeled.csv,no_vehicle,5,113,177980,1280,7.422,1,2,1,1,1,1
teknik/004_labeled.csv,no_vehicle,5,114,179260,1280,33.984,1,2,1,1,1,1
teknik/004_labeled.csv,no_vehicle,5,115,180540,1280,0.781,1,2,1,1,1,1
teknik/004_labeled.csv,no_vehicle,5,116,181820,1280,46.875,1,2,1,1,1,1
teknik/004_labeled.csv,no_vehicle,5,117,183100,1280,16.016,1,2,1,1,1,1
teknik/004_labeled.csv,no_vehicle,5,118,184380,1280,4.297,1,2,1,1,1,1
teknik/004_labeled.csv,no_vehicle,5,119,185660,1280,39.844,1,2,1,1,1,1
teknik/004_labeled.csv,unknown,5,120,186940,1280,12.109,1,2,1,1,1,1
teknik/004_labeled.csv,unknown,5,121,188220,1280,15.625,1,2,1,1,1,1
teknik/004_labeled.csv,unknown,5,122,189500,1280,2.734,1,2,1,1,1,1
teknik/004_labeled.csv,unknown,5,123,190780,1280,21.094,1,2,1,1,1,1
teknik/004_labeled.csv,unknown,5,124,192060,1280,10.156,1,2,1,1,1,1
teknik/004_labeled.csv,unknown,5,125,193340,1280,5.469,1,2,1,1,1,1
teknik/004_labeled.csv,two_wheel,5,126,194620,1280,0.781,1,2,1,1,1,1
teknik/004_labeled.csv,two_wheel,5,127,195900,1280,37.891,1,2,1,1,1,2
teknik/004_labeled.csv,two_wheel,5,128,197180,1280,46.094,1,2,1,1,1,1
teknik/004_labeled.csv,no_vehicle,5,129,198460,1280,42.188,1,2,1,1,1,1
teknik/004_labeled.csv,no_vehicle,5,130,199740,1280,48.047,1,2,1,1,1,1
teknik/004_labeled.csv,no_vehicle,5,131,201020,1280,19.141,1,2,1,1,1,1
teknik/004_labeled.csv,no_vehicle,5,132,202300,1280,23.438,1,2,1,1,2,2
teknik/004_labeled.csv,no_vehicle,5,133,203580,1280,10.547,1,2,1,1,1,1
teknik/004_labeled.csv,two_wheel,5,134,204860,1280,3.516,1,2,1,1,1,1
teknik/004_labeled.csv,two_wheel,5,135,206140,1280,3.906,1,2,1,1,1,1
teknik/004_labeled.csv,two_wheel,5,136,207420,1280,11.719,1,2,1,1,1,1
teknik/004_labeled.csv,no_vehicle,5,137,208700,1280,1.953,1,2,1,1,1,1
teknik/004_labeled.csv,no_vehicle,5,138,209980,1280,36.328,1,2,1,1,1,2
teknik/004_labeled.csv,two_wheel,5,139,211260,1280,14.063,1,2,1,1,1,1
teknik/004_labeled.csv,two_wheel,5,140,212540,1280,4.297,1,2,1,1,1,1
teknik/004_labeled.csv,two_wheel,5,141,213820,1280,35.547,1,2,1,1,1,1
teknik/004_labeled.csv,two_wheel,5,142,215100,1280,26.172,1,2,1,1,1,1
teknik/004_labeled.csv,two_wheel,5,143,216380,1280,3.516,1,2,1,1,1,1
teknik/004_labeled.csv,two_wheel,5,144,217660,1280,14.844,1,2,1,1,1,2
teknik/004_labeled.csv,two_wheel,5,145,218940,1280,13.281,1,2,1,1,1,1
teknik/004_labeled.csv,two_wheel,5,146,220220,1280,6.641,1,2,1,1,1,1
teknik/004_labeled.csv,two_wheel,5,147,221500,1280,35.156,1,2,1,1,1,1
teknik/004_labeled.csv,two_wheel,5,148,222780,1280,0.781,1,2,1,1,1,1
teknik/004_labeled.csv,no_vehicle,5,149,224060,1280,24.609,1,2,1,1,1,1
teknik/004_labeled.csv,no_vehicle,5,150,225340,1280,22.266,1,2,1,1,1,1
teknik/004_labeled.csv,two_wheel,5,151,226620,1280,18.75,1,2,1,1,1,1
teknik/004_labeled.csv,two_wheel,5,152,227900,1280,14.063,1,2,1,1,1,1
teknik/004_labeled.csv,two_wheel,5,153,229180,1280,1.953,1,2,1,1,1,1
teknik/004_labeled.csv,no_vehicle,5,154,230460,1280,38.672,1,2,1,1,1,1
teknik/004_labeled.csv,unknown,5,155,231740,1280,38.281,1,2,1,1,1,1
teknik/004_labeled.csv,unknown,5,156,233020,1280,38.281,1,2,1,1,1,1
teknik/004_labeled.csv,unknown,5,157,234300,1280,39.453,1,2,0,1,1,2
teknik/004_labeled.csv,unknown,5,158,235580,1280,40.234,1,2,1,1,1,1
teknik/004_labeled.csv,unknown,5,159,236860,1280,15.234,1,2,1,1,1,1
teknik/004_labeled.csv,unknown,5,160,238140,1280,48.047,1,2,1,1,1,2
teknik/004_labeled.csv,unknown,5,161,239420,1280,42.969,1,2,0,1,1,1
teknik/004_labeled.csv,no_vehicle,5,162,240700,1280,2.734,1,2,1,1,1,1
teknik/004_labeled.csv,no_vehicle,5,163,241980,1280,44.922,1,2,1,1,1,1
teknik/004_labeled.csv,no_vehicle,5,164,243260,1280,29.297,1,2,1,1,1,1
teknik/004_labeled.csv,two_wheel,5,165,244540,1280,20.703,1,2,0,1,1,1
teknik/004_labeled.csv,two_wheel,5,166,245820,1280,1.172,1,2,1,1,1,1
teknik/004_labeled.csv,two_wheel,5,167,247100,1280,47.656,1,2,1,1,1,1
teknik/004_labeled.csv,two_wheel,5,168,248380,1280,2.734,1,2,1,1,1,1
teknik/004_labeled.csv,no_vehicle,5,169,249660,1280,49.219,1,2,1,1,1,1
teknik/004_labeled.csv,no_vehicle,5,170,250940,1280,10.156,1,2,1,1,1,1
teknik/004_labeled.csv,two_wheel,5,171,252220,1280,18.75,1,2,1,1,1,1
teknik/004_labeled.csv,two_wheel,5,172,253500,1280,44.922,1,2,1,1,1,1
teknik/004_labeled.csv,two_wheel,5,173,254780,1280,2.734,1,2,1,1,1,1
teknik/004_labeled.csv,two_wheel,5,174,256060,1280,6.25,1,2,1,1,1,2
teknik/004_labeled.csv,two_wheel,5,175,257340,1280,20.703,1,2,1,1,1,1
teknik/004_labeled.csv,no_vehicle,5,176,258620,1280,30.469,1,2,1,1,1,1
teknik/004_labeled.csv,no_vehicle,5,177,259900,1280,4.297,1,2,1,1,1,1
teknik/004_labeled.csv,no_vehicle,5,178,261180,1280,17.969,1,2,1,1,1,1
teknik/004_labeled.csv,two_wheel,5,179,262460,1280,19.922,1,2,1,1,1,1
teknik/004_labeled.csv,two_wheel,5,180,263740,1280,15.625,1,2,1,1,1,1
teknik/004_labeled.csv,two_wheel,5,181,265020,1280,1.172,1,2,1,1,1,1
teknik/004_labeled.csv,four_wheel,5,182,266300,1280,28.516,1,2,0,1,1,1
teknik/004_labeled.csv,four_wheel,5,183,267580,1280,4.297,1,2,1,1,1,1
teknik/004_labeled.csv,four_wheel,5,184,268860,1280,35.938,1,2,1,1,1,1
teknik/004_labeled.csv,no_vehicle,5,185,270140,1280,10.156,1,2,1,1,1,1
teknik/004_labeled.csv,no_vehicle,5,186,271420,1280,32.031,1,2,0,1,1,1
teknik/004_labeled.csv,no_vehicle,5,187,272700,1280,21.484,1,2,0,1,1,1
teknik/004_labeled.csv,two_wheel,5,188,273980,1280,33.984,1,2,1,1,1,2
teknik/004_labeled.csv,two_wheel,5,189,275260,1280,33.984,1,2,1,1,1,2
teknik/004_labeled.csv,two_wheel,5,190,276540,1280,12.891,1,2,1,1,1,1
teknik/004_labeled.csv,no_vehicle,5,191,277820,1280,17.188,1,2,1,1,1,1
teknik/004_labeled.csv,no_vehicle,5,192,279100,1280,4.688,1,2,1,1,1,1
teknik/004_labeled.csv,no_vehicle,5,193,280380,1280,16.406,1,2,1,1,1,1
teknik/004_labeled.csv,no_vehicle,5,194,281660,1280,30.859,1,2,1,1,1,1
teknik/004_labeled.csv,unknown,5,195,282940,1280,4.688,1,2,1,1,1,1
teknik/004_labeled.csv,unknown,5,196,284220,1280,4.297,1,2,1,1,1,1
teknik/004_labeled.csv,unknown,5,197,285500,1280,32.031,1,2,1,1,1,1
teknik/004_labeled.csv,unknown,5,198,286780,1280,35.547,1,2,1,1,1,1
teknik/004_labeled.csv,no_vehicle,5,199,288060,1280,9.375,1,2,1,1,1,1
teknik/004_labeled.csv,no_vehicle,5,200,289340,1280,30.859,1,2,1,1,2,2
teknik/004_labeled.csv,no_vehicle,5,201,290620,1280,1.953,1,3,1,1,1,1
teknik/004_labeled.csv,no_vehicle,5,202,291900,1280,8.984,1,2,1,1,1,1
teknik/004_labeled.csv,no_vehicle,5,203,293180,1280,7.813,1,2,1,1,1,1
teknik/004_labeled.csv,no_vehicle,5,204,294460,1280,14.453,1,2,1,1,1,1
teknik/004_labeled.csv,two_wheel,5,205,295740,1280,13.281,1,2,1,1,1,1
teknik/004_labeled.csv,two_wheel,5,206,297020,1280,34.375,1,2,1,1,1,1
teknik/004_labeled.csv,two_wheel,5,207,298300,1280,32.031,1,2,1,1,1,1
teknik/004_labeled.csv,unknown,5,208,299580,1280,14.844,1,2,0,1,1,1
teknik/004_labeled.csv,unknown,5,209,300860,1280,4.297,1,2,1,1,1,1
teknik/004_labeled.csv,unknown,5,210,302140,1280,12.891,1,2,1,1,1,1
teknik/004_labeled.csv,unknown,5,211,303420,1280,10.156,1,2,1,1,1,1
teknik/004_labeled.csv,no_vehicle,5,212,304700,1280,0.781,1,2,1,1,1,1
teknik/004_labeled.csv,no_vehicle,5,213,305980,1280,12.891,1,2,1,1,1,1
teknik/004_labeled.csv,no_vehicle,5,214,307260,1280,19.141,1,2,1,1,1,1
teknik/004_labeled.csv,no_vehicle,5,215,308540,1280,1.563,1,2,1,1,1,1
teknik/004_labeled.csv,no_vehicle,5,216,309820,1280,8.594,1,2,1,1,1,1
teknik/004_labeled.csv,no_vehicle,5,217,311100,1280,12.5,1,2,1,1,1,1
teknik/004_labeled.csv,no_vehicle,5,218,312380,1280,1.172,1,2,1,1,1,1
teknik/004_labeled.csv,no_vehicle,5,219,313660,1280,25.0,1,2,1,1,1,1
teknik/004_labeled.csv,unknown,5,220,314940,1280,31.641,1,2,1,1,1,1
teknik/004_labeled.csv,unknown,5,221,316220,1280,45.703,1,2,1,1,1,1
teknik/004_labeled.csv,unknown,5,222,317500,1280,12.109,1,2,1,1,1,2
teknik/004_labeled.csv,unknown,5,223,318780,1280,16.016,1,2,1,1,1,1
teknik/004_labeled.csv,no_vehicle,5,224,320060,1280,12.5,1,2,1,1,1,1
teknik/004_labeled.csv,no_vehicle,5,225,321340,1280,16.016,1,2,0,1,1,1
teknik/004_labeled.csv,no_vehicle,5,226,322620,1280,14.844,1,2,1,1,1,1
teknik/004_labeled.csv,no_vehicle,5,227,323900,1280,37.109,1,2,1,1,1,1
teknik/004_labeled.csv,no_vehicle,5,228,325180,1280,23.438,1,2,1,1,1,1
teknik/004_labeled.csv,no_vehicle,5,229,326460,1280,33.594,1,2,1,1,1,2
teknik/004_labeled.csv,no_vehicle,5,230,327740,1280,31.25,1,2,1,1,1,1
teknik/004_labeled.csv,no_vehicle,5,231,329020,1280,8.203,1,2,1,1,1,1
teknik/004_labeled.csv,two_wheel,5,232,330300,1280,16.797,1,2,1,1,1,1
teknik/004_labeled.csv,two_wheel,5,233,331580,1280,18.75,1,2,1,1,1,1
teknik/004_labeled.csv,two_wheel,5,234,332860,1280,15.625,1,2,1,1,1,2
teknik/004_labeled.csv,two_wheel,5,235,334140,1280,33.984,1,2,1,1,1,1
teknik/004_labeled.csv,no_vehicle,5,236,335420,1280,25.391,1,2,1,1,1,1
teknik/004_labeled.csv,no_vehicle,5,237,336700,1280,10.547,1,2,0,1,1,1
teknik/004_labeled.csv,no_vehicle,5,238,337980,1280,28.906,1,2,1,1,1,1
teknik/004_labeled.csv,unknown,5,239,339260,1280,11.719,1,2,0,1,1,1
teknik/004_labeled.csv,unknown,5,240,340540,1280,8.203,1,2,1,1,1,1
teknik/004_labeled.csv,unknown,5,241,341820,1280,32.813,1,2,1,1,1,1
teknik/004_labeled.csv,unknown,5,242,343100,1280,21.094,1,2,1,1,1,1
teknik/004_labeled.csv,two_wheel,5,243,344380,1280,11.328,1,2,1,1,1,1
teknik/004_labeled.csv,two_wheel,5,244,345660,1280,16.797,1,2,0,1,1,1
teknik/004_labeled.csv,no_vehicle,5,245,346940,1280,18.75,1,2,1,1,1,1
teknik/004_labeled.csv,no_vehicle,5,246,348220,1280,17.188,1,2,1,1,1,1
teknik/004_labeled.csv,no_vehicle,5,247,349500,1280,16.406,1,2,1,1,1,1
teknik/004_labeled.csv,no_vehicle,5,248,350780,1280,35.156,1,2,1,1,1,1
teknik/004_labeled.csv,no_vehicle,5,249,352060,1280,2.344,1,2,1,1,1,1
teknik/004_labeled.csv,no_vehicle,5,250,353340,1280,44.922,1,2,0,1,1,1
teknik/004_labeled.csv,unknown,5,251,354620,1280,7.031,1,2,1,1,1,1
teknik/004_labeled.csv,unknown,5,252,355900,1280,40.234,1,2,1,1,1,1
teknik/004_labeled.csv,unknown,5,253,357180,1280,19.531,1,2,1,1,1,1
teknik/004_labeled.csv,two_wheel,5,254,358460,1280,10.156,1,2,0,1,1,1
teknik/004_labeled.csv,two_wheel,5,255,359740,1280,41.797,1,2,0,1,1,1
teknik/004_labeled.csv,no_vehicle,5,256,361020,1280,12.109,1,2,1,1,1,1
teknik/004_labeled.csv,no_vehicle,5,257,362300,1280,17.969,1,2,1,1,1,1
teknik/004_labeled.csv,no_vehicle,5,258,363580,1280,0.781,1,2,1,1,1,1
teknik/004_labeled.csv,no_vehicle,5,259,364860,1280,3.125,1,2,1,1,1,2
teknik/004_labeled.csv,no_vehicle,5,260,366140,1280,16.016,1,3,1,1,2,1
teknik/004_labeled.csv,no_vehicle,5,261,367420,1280,7.813,1,2,1,1,1,1
teknik/004_labeled.csv,four_wheel,5,262,368700,1280,11.719,1,2,1,1,1,1
teknik/004_labeled.csv,four_wheel,5,263,369980,1280,39.063,1,2,1,1,1,1
teknik/004_labeled.csv,four_wheel,5,264,371260,1280,18.75,1,2,1,1,1,1
teknik/004_labeled.csv,unknown,5,265,372540,1280,8.984,1,2,1,1,1,1
teknik/004_labeled.csv,unknown,5,266,373820,1280,44.141,1,2,1,1,1,1
teknik/004_labeled.csv,unknown,5,267,375100,1280,16.016,1,2,1,1,1,1
teknik/004_labeled.csv,unknown,5,268,376380,1280,9.766,1,2,1,1,1,1
teknik/004_labeled.csv,unknown,5,269,377660,1280,21.484,1,2,1,1,1,1
teknik/004_labeled.csv,no_vehicle,5,270,378940,1280,20.313,1,2,1,1,1,1
teknik/004_labeled.csv,unknown,5,271,380220,1280,2.734,1,2,1,1,1,1
teknik/004_labeled.csv,unknown,5,272,381500,1280,10.547,1,2,1,1,1,1
teknik/004_labeled.csv,unknown,5,273,382780,1280,25.391,1,2,1,1,1,1
teknik/004_labeled.csv,two_wheel,5,274,384060,1280,38.281,1,2,1,1,1,2
teknik/004_labeled.csv,two_wheel,5,275,385340,1280,21.484,1,2,1,1,1,1
teknik/004_labeled.csv,two_wheel,5,276,386620,1280,35.938,1,2,1,1,1,1
teknik/004_labeled.csv,no_vehicle,5,277,387900,1280,1.953,1,2,1,1,1,1
teknik/004_labeled.csv,unknown,5,278,389180,1280,11.719,1,2,1,1,1,1
teknik/004_labeled.csv,unknown,5,279,390460,1280,3.125,1,3,1,1,1,1
teknik/004_labeled.csv,unknown,5,280,391740,1280,1.953,1,3,1,1,1,2
teknik/004_labeled.csv,unknown,5,281,393020,1280,2.344,1,3,1,1,1,2
teknik/004_labeled.csv,unknown,5,282,394300,1280,37.891,1,2,1,1,1,1
teknik/004_labeled.csv,unknown,5,283,395580,1280,8.203,1,2,0,1,1,1
teknik/004_labeled.csv,two_wheel,5,284,396860,1280,2.734,1,2,1,1,1,2
teknik/004_labeled.csv,two_wheel,5,285,398140,1280,5.859,1,3,1,1,2,1
teknik/004_labeled.csv,no_vehicle,5,286,399420,1280,21.094,1,2,1,1,1,1
teknik/004_labeled.csv,no_vehicle,5,287,400700,1280,3.516,1,2,1,1,1,1
teknik/004_labeled.csv,no_vehicle,5,288,401980,1280,15.625,1,2,1,1,1,1
teknik/004_labeled.csv,no_vehicle,5,289,403260,1280,7.422,1,2,1,1,1,1
teknik/004_labeled.csv,two_wheel,5,290,404540,1280,4.688,1,2,1,1,1,1
teknik/004_labeled.csv,two_wheel,5,291,405820,1280,8.594,1,2,1,1,1,1
teknik/004_labeled.csv,two_wheel,5,292,407100,1280,46.484,1,2,1,1,1,1
teknik/004_labeled.csv,two_wheel,5,293,408380,1280,42.969,1,2,1,1,1,1
teknik/004_labeled.csv,unknown,5,294,409660,1280,47.266,1,2,1,1,1,1
teknik/004_labeled.csv,unknown,5,295,410940,1280,2.344,1,2,1,1,1,1
teknik/004_labeled.csv,unknown,5,296,412220,1280,5.078,1,2,1,1,1,1
teknik/004_labeled.csv,unknown,5,297,413500,1280,40.625,1,2,1,1,1,1
teknik/004_labeled.csv,unknown,5,298,414780,1280,31.25,1,2,0,1,1,2
teknik/004_labeled.csv,unknown,5,299,416060,1280,26.172,1,2,1,1,1,1
teknik/004_labeled.csv,unknown,5,300,417340,1280,7.031,1,2,1,1,1,1
teknik/004_labeled.csv,unknown,5,301,418620,1280,5.859,1,2,1,1,1,1
teknik/004_labeled.csv,unknown,5,302,419900,1280,16.797,1,3,1,1,2,2
teknik/004_labeled.csv,unknown,5,303,421180,1280,2.344,1,3,2,1,1,2
teknik/004_labeled.csv,unknown,5,304,422460,1280,26.563,1,2,1,1,1,1
teknik/004_labeled.csv,unknown,5,305,423740,1280,30.469,1,2,1,1,1,1
teknik/004_labeled.csv,unknown,5,306,425020,1280,0.391,1,2,1,1,1,1
teknik/004_labeled.csv,no_vehicle,5,307,426300,1280,7.422,1,2,1,1,1,1
teknik/004_labeled.csv,two_wheel,5,308,427580,1280,7.031,1,2,1,1,1,1
teknik/004_labeled.csv,two_wheel,5,309,428860,1280,0.391,1,2,1,1,1,1
teknik/004_labeled.csv,two_wheel,5,310,430140,1280,7.031,1,2,1,1,1,2
teknik/004_labeled.csv,unknown,5,311,431420,1280,20.703,1,2,1,1,1,1
teknik/004_labeled.csv,unknown,5,312,432700,1280,28.906,1,2,1,1,1,1
teknik/004_labeled.csv,unknown,5,313,433980,1280,13.281,1,2,1,1,1,1
teknik/004_labeled.csv,unknown,5,314,435260,1280,10.156,1,2,1,1,1,1
teknik/004_labeled.csv,unknown,5,315,436540,1280,5.469,1,2,1,1,1,1
teknik/004_labeled.csv,unknown,5,316,437820,1280,14.453,1,2,1,1,1,1
teknik/004_labeled.csv,no_vehicle,5,317,439100,1280,14.063,1,2,1,1,1,1
teknik/004_labeled.csv,no_vehicle,5,318,440380,1280,41.016,1,2,1,1,1,1
teknik/004_labeled.csv,four_wheel,5,319,441660,1280,1.953,1,2,1,1,1,1
teknik/004_labeled.csv,four_wheel,5,320,442940,1280,29.688,1,2,1,1,1,1
teknik/004_labeled.csv,four_wheel,5,321,444220,1280,24.609,1,2,1,1,1,1
teknik/004_labeled.csv,two_wheel,5,322,445500,1280,4.688,1,2,1,1,1,1
teknik/004_labeled.csv,two_wheel,5,323,446780,1280,28.906,1,2,1,1,2,1
teknik/004_labeled.csv,two_wheel,5,324,448060,1280,29.297,1,2,1,1,1,1
teknik/004_labeled.csv,no_vehicle,5,325,449340,1280,37.109,1,2,0,1,1,1
teknik/004_labeled.csv,two_wheel,5,326,450620,1280,38.672,1,2,1,1,1,1
teknik/004_labeled.csv,two_wheel,5,327,451900,1280,39.453,1,2,1,1,1,1
teknik/004_labeled.csv,two_wheel,5,328,453180,1280,5.859,1,2,1,1,1,1
teknik/004_labeled.csv,no_vehicle,5,329,454460,1280,14.844,1,2,1,1,1,2
teknik/004_labeled.csv,no_vehicle,5,330,455740,1280,2.344,1,2,1,1,1,1
teknik/004_labeled.csv,no_vehicle,5,331,457020,1280,5.859,1,2,1,1,1,2
teknik/004_labeled.csv,no_vehicle,5,332,458300,1280,35.547,1,2,1,1,1,1
teknik/004_labeled.csv,no_vehicle,5,333,459580,1280,14.063,1,2,1,1,1,1
teknik/004_labeled.csv,no_vehicle,5,334,460860,1280,16.797,1,2,1,1,1,1
teknik/004_labeled.csv,two_wheel,5,335,462140,1280,1.563,1,2,1,1,1,1
teknik/004_labeled.csv,two_wheel,5,336,463420,1280,8.203,1,2,1,1,1,1
teknik/004_labeled.csv,two_wheel,5,337,464700,1280,5.859,1,2,1,1,1,1
teknik/004_labeled.csv,two_wheel,5,338,465980,1280,1.563,1,2,1,1,1,1
teknik/004_labeled.csv,two_wheel,5,339,467260,1280,28.906,1,2,1,1,1,1
teknik/004_labeled.csv,two_wheel,5,340,468540,1280,1.563,1,2,1,1,1,1
teknik/004_labeled.csv,two_wheel,5,341,469820,1280,14.453,1,2,1,1,1,1
teknik/004_labeled.csv,two_wheel,5,342,471100,1280,1.172,1,2,1,1,1,1
teknik/004_labeled.csv,no_vehicle,5,343,472380,1280,21.875,1,2,1,1,1,1
teknik/004_labeled.csv,two_wheel,5,344,473660,1280,6.25,1,2,1,1,1,1
teknik/004_labeled.csv,two_wheel,5,345,474940,1280,2.734,1,2,1,1,1,1
teknik/004_labeled.csv,two_wheel,5,346,476220,1280,26.953,1,2,1,1,1,1
teknik/004_labeled.csv,two_wheel,5,347,477500,1280,26.563,1,3,1,1,2,1
teknik/004_labeled.csv,two_wheel,5,348,478780,1280,34.766,1,3,1,1,2,2
teknik/004_labeled.csv,two_wheel,5,349,480060,1280,1.563,1,2,1,1,1,1
teknik/004_labeled.csv,two_wheel,5,350,481340,1280,40.625,1,2,1,1,1,2
teknik/004_labeled.csv,two_wheel,5,351,482620,1280,18.359,1,3,1,1,2,2
teknik/004_labeled.csv,two_wheel,5,352,483900,1280,1.563,1,3,1,1,1,2
teknik/004_labeled.csv,two_wheel,5,353,485180,1280,3.125,1,2,1,1,1,2
teknik/004_labeled.csv,no_vehicle,5,354,486460,1280,20.313,1,2,1,1,1,1
teknik/004_labeled.csv,no_vehicle,5,355,487740,1280,10.547,1,2,1,1,1,1
teknik/004_labeled.csv,no_vehicle,5,356,489020,1280,28.516,1,2,1,1,1,1
teknik/004_labeled.csv,no_vehicle,5,357,490300,1280,0.781,1,2,1,1,1,1
teknik/004_labeled.csv,no_vehicle,5,358,491580,1280,39.453,1,2,1,1,1,1
teknik/004_labeled.csv,no_vehicle,5,359,492860,1280,8.203,1,2,1,1,1,1
teknik/004_labeled.csv,no_vehicle,5,360,494140,1280,17.969,1,2,1,1,1,1
teknik/004_labeled.csv,unknown,5,361,495420,1280,32.813,1,2,1,1,1,1
teknik/004_labeled.csv,unknown,5,362,496700,1280,7.031,1,2,1,1,1,1
teknik/004_labeled.csv,unknown,5,363,497980,1280,44.141,1,2,1,1,1,1
teknik/004_labeled.csv,unknown,5,364,499260,1280,39.453,1,2,1,1,1,1
teknik/004_labeled.csv,unknown,5,365,500540,1280,28.516,1,2,1,1,1,1
teknik/004_labeled.csv,unknown,5,366,501820,1280,14.453,1,2,1,1,1,1
teknik/004_labeled.csv,unknown,5,367,503100,1280,48.438,1,2,1,1,1,1
teknik/004_labeled.csv,unknown,5,368,504380,1280,7.422,1,2,1,1,1,1
teknik/004_labeled.csv,unknown,5,369,505660,1280,1.172,1,2,1,1,1,1
teknik/004_labeled.csv,unknown,5,370,506940,1280,16.797,1,2,1,1,1,1
teknik/004_labeled.csv,unknown,5,371,508220,1280,1.563,1,2,1,1,1,2
teknik/004_labeled.csv,unknown,5,372,509500,1280,38.281,1,2,1,1,1,2
teknik/004_labeled.csv,unknown,5,373,510780,1280,1.563,1,2,1,1,1,1
teknik/004_labeled.csv,no_vehicle,5,374,512060,1280,17.969,1,2,1,1,1,1
teknik/004_labeled.csv,no_vehicle,5,375,513340,1280,29.688,1,2,1,1,1,1
teknik/004_labeled.csv,unknown,5,376,514620,1280,36.328,1,2,1,1,1,1
teknik/004_labeled.csv,unknown,5,377,515900,1280,24.609,1,2,1,1,1,1
teknik/004_labeled.csv,unknown,5,378,517180,1280,10.547,1,2,1,1,1,1
teknik/004_labeled.csv,unknown,5,379,518460,1280,9.766,1,2,0,1,1,1
teknik/004_labeled.csv,no_vehicle,5,380,519740,1280,11.328,1,2,1,1,1,1
teknik/004_labeled.csv,no_vehicle,5,381,521020,1280,38.672,1,2,1,1,1,1
teknik/004_labeled.csv,no_vehicle,5,382,522300,1280,41.016,1,2,1,1,1,1
teknik/004_labeled.csv,unknown,5,383,523580,1280,1.563,1,2,1,1,1,1
teknik/004_labeled.csv,unknown,5,384,524860,1280,12.891,1,2,1,1,1,1
teknik/004_labeled.csv,unknown,5,385,526140,1280,21.094,1,2,1,1,1,1
teknik/004_labeled.csv,two_wheel,5,386,527420,1280,22.656,1,2,1,1,1,1
teknik/004_labeled.csv,two_wheel,5,387,528700,1280,45.703,1,2,1,1,1,1
teknik/004_labeled.csv,two_wheel,5,388,529980,1280,0.781,1,2,1,1,1,1
teknik/004_labeled.csv,two_wheel,5,389,531260,1280,5.469,1,2,1,1,1,1
teknik/004_labeled.csv,two_wheel,5,390,532540,1280,12.5,1,2,0,1,1,1
teknik/004_labeled.csv,two_wheel,5,391,533820,1280,12.5,1,2,1,1,1,1
teknik/004_labeled.csv,two_wheel,5,392,535100,1280,15.625,1,2,1,1,1,1
teknik/004_labeled.csv,no_vehicle,5,393,536380,1280,29.297,1,2,1,1,1,1
teknik/004_labeled.csv,no_vehicle,5,394,537660,1280,9.766,1,2,1,1,1,1
teknik/004_labeled.csv,two_wheel,5,395,538940,1280,9.375,1,2,1,1,1,1
teknik/004_labeled.csv,two_wheel,5,396,540220,1280,45.313,1,2,1,1,1,1
teknik/004_labeled.csv,two_wheel,5,397,541500,1280,6.25,1,2,1,1,1,1
teknik/004_labeled.csv,two_wheel,5,398,542780,1280,44.141,1,2,1,1,1,1
teknik/004_labeled.csv,two_wheel,5,399,544060,1280,14.844,1,2,1,1,1,1
teknik/004_labeled.csv,two_wheel,5,400,545340,1280,10.938,1,2,1,1,1,1
teknik/004_labeled.csv,no_vehicle,5,401,546620,1280,7.031,1,2,1,1,1,1
teknik/004_labeled.csv,no_vehicle,5,402,547900,1280,4.297,1,2,1,1,1,1
teknik/004_labeled.csv,no_vehicle,5,403,549180,1280,34.766,1,2,1,1,1,1
teknik/004_labeled.csv,two_wheel,5,404,550460,1280,7.813,1,2,1,1,1,1
teknik/004_labeled.csv,two_wheel,5,405,551740,1280,43.359,1,2,1,1,1,1
teknik/004_labeled.csv,two_wheel,5,406,553020,1280,35.547,1,2,0,1,1,1
teknik/004_labeled.csv,two_wheel,5,407,554300,1280,6.25,1,2,1,1,1,2
teknik/004_labeled.csv,unknown,5,408,555580,1280,44.141,1,2,1,1,1,1
teknik/004_labeled.csv,unknown,5,409,556860,1280,36.719,1,2,1,1,1,1
teknik/004_labeled.csv,unknown,5,410,558140,1280,13.281,1,2,1,1,1,1
teknik/004_labeled.csv,two_wheel,5,411,559420,1280,2.734,1,2,1,1,1,1
teknik/004_labeled.csv,two_wheel,5,412,560700,1280,1.172,1,2,1,1,1,1
teknik/004_labeled.csv,no_vehicle,5,413,561980,1280,7.422,1,2,1,1,1,1
teknik/004_labeled.csv,no_vehicle,5,414,563260,1280,16.406,1,2,1,1,1,1
teknik/004_labeled.csv,no_vehicle,5,415,564540,1280,32.422,1,2,1,1,1,1
teknik/004_labeled.csv,no_vehicle,5,416,565820,1280,5.078,1,2,0,1,1,1
teknik/004_labeled.csv,no_vehicle,5,417,567100,1280,9.375,1,2,1,1,1,1
teknik/004_labeled.csv,no_vehicle,5,418,568380,1280,21.094,1,2,1,1,1,1
teknik/004_labeled.csv,no_vehicle,5,419,569660,1280,38.672,1,2,1,1,1,1
teknik/004_labeled.csv,no_vehicle,5,420,570940,1280,1.563,1,2,1,1,1,1
teknik/004_labeled.csv,no_vehicle,5,421,572220,1280,12.891,1,2,1,1,1,1
teknik/004_labeled.csv,no_vehicle,5,422,573500,1280,3.125,1,2,1,1,1,1
teknik/004_labeled.csv,no_vehicle,5,423,574780,1280,39.453,1,2,1,1,1,1
teknik/004_labeled.csv,no_vehicle,5,424,576060,1280,15.625,1,2,1,1,1,1
teknik/004_labeled.csv,two_wheel,5,425,577340,1280,3.516,1,2,1,1,1,1
teknik/004_labeled.csv,two_wheel,5,426,578620,1280,4.688,1,2,1,1,1,1
teknik/004_labeled.csv,two_wheel,5,427,579900,1280,12.5,1,2,1,1,1,1
teknik/004_labeled.csv,two_wheel,5,428,581180,1280,45.313,1,2,1,1,1,1
teknik/004_labeled.csv,two_wheel,5,429,582460,1280,23.438,1,2,1,1,1,1
teknik/004_labeled.csv,two_wheel,5,430,583740,1280,40.234,1,2,1,1,1,1
teknik/004_labeled.csv,unknown,5,431,585020,1280,1.172,1,2,1,1,1,1
teknik/004_labeled.csv,unknown,5,432,586300,1280,48.438,1,2,0,1,1,1
teknik/004_labeled.csv,unknown,5,433,587580,1280,4.688,1,2,1,1,1,1
teknik/004_labeled.csv,no_vehicle,5,434,588860,1280,5.078,1,2,1,1,1,1
teknik/004_labeled.csv,unknown,5,435,590140,1280,41.016,1,2,0,1,1,1
teknik/004_labeled.csv,unknown,5,436,591420,1280,11.719,1,2,1,1,1,1
teknik/004_labeled.csv,unknown,5,437,592700,1280,3.516,1,3,1,1,1,1
teknik/004_labeled.csv,two_wheel,5,438,593980,1280,5.859,1,2,1,1,1,1
teknik/004_labeled.csv,two_wheel,5,439,595260,1280,30.078,1,2,1,1,1,1
teknik/004_labeled.csv,two_wheel,5,440,596540,1280,2.344,1,2,1,1,1,1
teknik/004_labeled.csv,two_wheel,5,441,597820,1280,16.406,1,2,1,1,1,1
teknik/004_labeled.csv,two_wheel,5,442,599100,1280,28.516,1,2,1,1,1,1
teknik/004_labeled.csv,no_vehicle,5,443,600380,1280,1.563,1,2,1,1,1,1
teknik/004_labeled.csv,two_wheel,5,444,601660,1280,23.047,1,2,0,1,1,1
teknik/004_labeled.csv,two_wheel,5,445,602940,1280,43.359,1,2,0,1,1,1
teknik/004_labeled.csv,two_wheel,5,446,604220,1280,1.172,1,2,1,1,1,1
teknik/004_labeled.csv,no_vehicle,5,447,605500,1280,31.25,1,2,1,1,1,1
teknik/004_labeled.csv,no_vehicle,5,448,606780,1280,0.781,1,2,1,1,1,1
teknik/004_labeled.csv,unknown,5,449,608060,1280,2.734,1,2,1,1,1,1
teknik/004_labeled.csv,unknown,5,450,609340,1280,2.734,1,2,1,1,1,1
teknik/004_labeled.csv,unknown,5,451,610620,1280,44.531,1,2,1,1,1,1
teknik/004_labeled.csv,two_wheel,5,452,611900,1280,5.469,1,2,1,1,1,1
teknik/004_labeled.csv,two_wheel,5,453,613180,1280,7.813,1,2,1,1,1,1
teknik/004_labeled.csv,two_wheel,5,454,614460,1280,11.719,1,2,1,1,1,1
teknik/004_labeled.csv,no_vehicle,5,455,615740,1280,37.891,1,2,1,1,1,1
teknik/004_labeled.csv,no_vehicle,5,456,617020,1280,23.047,1,2,1,1,1,1
teknik/004_labeled.csv,no_vehicle,5,457,618300,1280,28.516,1,2,1,1,1,1
teknik/004_labeled.csv,no_vehicle,5,458,619580,1280,40.625,1,2,1,1,1,1
teknik/004_labeled.csv,no_vehicle,5,459,620860,1280,1.953,1,2,1,1,1,1
teknik/004_labeled.csv,no_vehicle,5,460,622140,1280,7.422,1,2,1,1,1,1
teknik/004_labeled.csv,no_vehicle,5,461,623420,1280,12.891,1,2,1,1,1,1
teknik/004_labeled.csv,unknown,5,462,624700,1280,20.703,1,2,1,1,1,1
teknik/004_labeled.csv,unknown,5,463,625980,1280,0.781,1,2,1,1,1,1
teknik/004_labeled.csv,unknown,5,464,627260,1280,17.578,1,2,1,1,1,1
teknik/004_labeled.csv,unknown,5,465,628540,1280,36.719,1,2,1,1,1,1
teknik/004_labeled.csv,unknown,5,466,629820,1280,36.719,1,2,1,1,1,1
teknik/004_labeled.csv,no_vehicle,5,467,631100,1280,41.016,1,2,1,1,1,1
teknik/004_labeled.csv,no_vehicle,5,468,632380,1280,21.875,1,2,1,1,1,1
teknik/004_labeled.csv,no_vehicle,5,469,633660,1280,21.875,1,2,1,1,1,1
teknik/004_labeled.csv,two_wheel,5,470,634940,1280,7.813,1,2,0,1,1,1
teknik/004_labeled.csv,two_wheel,5,471,636220,1280,3.516,1,2,1,1,1,1
teknik/004_labeled.csv,two_wheel,5,472,637500,1280,43.75,1,2,1,1,1,1
teknik/004_labeled.csv,no_vehicle,5,473,638780,1280,33.203,1,2,1,1,1,1
teknik/004_labeled.csv,no_vehicle,5,474,640060,1280,44.922,1,2,1,1,1,1
teknik/004_labeled.csv,two_wheel,5,475,641340,1280,8.594,1,2,1,1,1,1
teknik/004_labeled.csv,two_wheel,5,476,642620,1280,4.688,1,2,1,1,1,1
teknik/004_labeled.csv,two_wheel,5,477,643900,1280,14.844,1,2,1,1,1,1
teknik/004_labeled.csv,two_wheel,5,478,645180,1280,3.906,1,2,1,1,1,1
teknik/004_labeled.csv,no_vehicle,5,479,646460,1280,7.031,1,2,1,1,1,1
teknik/004_labeled.csv,no_vehicle,5,480,647740,1280,25.781,1,2,1,1,1,1
teknik/004_labeled.csv,no_vehicle,5,481,649020,1280,14.844,1,2,1,1,1,1
teknik/004_labeled.csv,no_vehicle,5,482,650300,1280,28.516,1,2,1,1,1,1
teknik/004_labeled.csv,no_vehicle,5,483,651580,1280,33.984,1,2,1,1,1,1
teknik/004_labeled.csv,no_vehicle,5,484,652860,1280,21.484,1,2,1,1,1,1
teknik/004_labeled.csv,unknown,5,485,654140,1280,6.25,1,2,1,1,1,1
teknik/004_labeled.csv,unknown,5,486,655420,1280,24.609,1,2,1,1,1,1
teknik/004_labeled.csv,unknown,5,487,656700,1280,5.859,1,2,1,1,1,1
teknik/004_labeled.csv,unknown,5,488,657980,1280,5.859,1,2,1,1,1,1
teknik/004_labeled.csv,unknown,5,489,659260,1280,34.375,1,2,0,1,1,2
teknik/004_labeled.csv,unknown,5,490,660540,1280,9.766,1,2,1,1,1,1
teknik/004_labeled.csv,no_vehicle,5,491,661820,1280,38.281,1,2,1,1,1,1
teknik/004_labeled.csv,no_vehicle,5,492,663100,1280,23.828,1,2,1,1,1,1
teknik/004_labeled.csv,no_vehicle,5,493,664380,1280,13.672,1,2,1,1,1,1
teknik/004_labeled.csv,no_vehicle,5,494,665660,1280,25.781,1,2,1,1,1,1
teknik/004_labeled.csv,no_vehicle,5,495,666940,1280,3.906,1,2,1,1,1,1
teknik/004_labeled.csv,no_vehicle,5,496,668220,1280,15.234,1,2,1,1,1,1
teknik/004_labeled.csv,no_vehicle,5,497,669500,1280,15.625,1,2,1,1,1,1
teknik/004_labeled.csv,two_wheel,5,498,670780,1280,35.938,1,2,1,1,1,2
teknik/004_labeled.csv,two_wheel,5,499,672060,1280,46.484,1,2,1,1,1,1
teknik/004_labeled.csv,two_wheel,5,500,673340,1280,46.484,1,2,1,1,1,2
